"","x"
"tom",620
"said",355
"boy",253
"now",223
"donxt",205
"time",202
"one",191
"xll",190
"huck",178
"got",172
"upon",150
"come",149
"tomx",147
"know",141
"littl",140
"see",139
"just",138
"get",136
"work",131
"away",126
"joe",125
"like",125
"never",122
"look",121
"back",120
"ainxt",119
"came",116
"two",112
"say",111
"went",111
"began",109
"way",109
"thing",104
"good",102
"hand",100
"tell",100
"ever",98
"old",97
"day",96
"long",96
"want",94
"xwell",94
"present",92
"turn",92
"night",91
"right",89
"thought",88
"xoh",88
"becki",87
"made",86
"eye",85
"seem",85
"found",84
"make",84
"around",83
"face",83
"project",83
"tri",83
"took",81
"will",81
"take",80
"everi",79
"last",78
"talk",78
"still",76
"head",75
"let",75
"place",75
"can",74
"heart",73
"chapter",72
"injun",72
"great",71
"well",71
"xve",71
"moment",70
"reckon",70
"aunt",69
"sid",69
"xre",69
"alway",67
"even",64
"might",62
"dead",60
"keep",59
"much",59
"anoth",58
"find",58
"hous",58
"put",58
"think",58
"along",57
"villag",57
"gutenbergtm",56
"new",56
"till",55
"enough",54
"give",53
"man",53
"someth",53
"stood",53
"three",53
"use",53
"wonxt",53
"hope",52
"mind",52
"must",52
"whisper",52
"without",52
"next",51
"xwhi",51
"done",50
"follow",50
"home",50
"lay",50
"anyth",49
"huckx",49
"poor",49
"word",49
"light",48
"school",47
"far",46
"girl",46
"knew",46
"move",46
"polli",46
"told",46
"wish",46
"wouldnxt",46
"anybodi",45
"didnxt",45
"door",44
"soon",44
"troubl",44
"canxt",43
"hour",43
"noth",43
"potter",43
"stop",43
"town",43
"xye",43
"fell",42
"close",41
"gone",41
"hear",41
"rest",41
"sat",41
"start",41
"wait",41
"mani",40
"men",40
"saw",40
"water",40
"cave",39
"joex",39
"thatcher",39
"world",39
"xem",39
"drop",38
"hard",38
"mari",38
"small",38
"sound",38
"stand",38
"almost",37
"end",37
"felt",37
"first",37
"gave",37
"half",37
"whole",37
"xno",37
"cri",36
"dark",36
"feel",36
"full",36
"harper",36
"near",36
"sleep",36
"xtom",36
"better",35
"minut",35
"part",35
"voic",35
"watch",35
"call",34
"interest",34
"judg",34
"morn",34
"pirat",34
"reach",34
"step",34
"tear",34
"xnow",34
"bodi",33
"mayb",33
"mean",33
"peopl",33
"sawyer",33
"side",33
"silenc",33
"state",33
"widow",33
"brought",32
"care",32
"cours",32
"lost",32
"white",32
"young",32
"church",31
"die",31
"matter",31
"name",31
"pass",31
"set",31
"wonder",31
"xwhat",31
"behind",30
"dream",30
"everyth",30
"ground",30
"left",30
"open",30
"suffer",30
"within",30
"electron",29
"heard",29
"help",29
"money",29
"notic",29
"window",29
"xitx",29
"adventur",28
"air",28
"breath",28
"fire",28
"life",28
"order",28
"togeth",28
"xyou",28
"bed",27
"believ",27
"book",27
"children",27
"feet",27
"hill",27
"leav",27
"toward",27
"xand",27
"arm",26
"ear",26
"kill",26
"listen",26
"mighti",26
"river",26
"seen",26
"show",26
"spirit",26
"treasur",26
"yet",26
"ben",25
"bet",25
"busi",25
"copi",25
"gutenberg",25
"kind",25
"ladi",25
"late",25
"lie",25
"may",25
"mrs",25
"smoke",25
"stir",25
"cat",24
"distribut",24
"foundat",24
"grew",24
"hate",24
"huckleberri",24
"love",24
"mile",24
"play",24
"sort",24
"sudden",24
"wood",24
"enter",23
"fear",23
"fenc",23
"fool",23
"friend",23
"glad",23
"high",23
"instant",23
"rememb",23
"broke",22
"candl",22
"comfort",22
"final",22
"general",22
"kept",22
"knife",22
"lad",22
"master",22
"run",22
"short",22
"stay",22
"sure",22
"term",22
"ask",21
"carri",21
"cloth",21
"couldnxt",21
"glanc",21
"happen",21
"hundr",21
"learn",21
"muff",21
"occur",21
"rose",21
"tree",21
"week",21
"year",21
"answer",20
"anyway",20
"bad",20
"big",20
"boyx",20
"buri",20
"fall",20
"grate",20
"happi",20
"read",20
"search",20
"wall",20
"whose",20
"xall",20
"appear",19
"bit",19
"chanc",19
"compani",19
"distanc",19
"donat",19
"dress",19
"effort",19
"els",19
"foot",19
"hold",19
"jim",19
"less",19
"mark",19
"nowx",19
"piec",19
"public",19
"readi",19
"return",19
"room",19
"shout",19
"stare",19
"xthatx",19
"agre",18
"agreement",18
"best",18
"breakfast",18
"deep",18
"discov",18
"dread",18
"ebook",18
"everybodi",18
"forth",18
"gather",18
"howev",18
"lift",18
"live",18
"miss",18
"mother",18
"mouth",18
"nobodi",18
"promis",18
"receiv",18
"round",18
"secret",18
"sign",18
"soul",18
"tavern",18
"ten",18
"touch",18
"walk",18
"xax",18
"xhuck",18
"act",17
"among",17
"beckyx",17
"beyond",17
"burst",17
"drift",17
"fine",17
"grave",17
"group",17
"island",17
"lip",17
"main",17
"midnight",17
"murder",17
"offer",17
"provid",17
"remain",17
"rock",17
"sinc",17
"sit",17
"thousand",17
"xbout",17
"afraid",16
"also",16
"attent",16
"black",16
"blue",16
"corner",16
"countri",16
"drew",16
"fetch",16
"finger",16
"fish",16
"form",16
"free",16
"hadnxt",16
"hang",16
"held",16
"idea",16
"law",16
"licens",16
"lick",16
"line",16
"low",16
"meant",16
"peac",16
"pick",16
"quick",16
"ran",16
"spring",16
"strong",16
"tick",16
"warnxt",16
"xsay",16
"yes",16
"age",15
"alley",15
"alon",15
"auntx",15
"awhil",15
"bear",15
"cold",15
"conscienc",15
"cross",15
"direct",15
"entir",15
"excit",15
"fill",15
"five",15
"ghost",15
"groan",15
"haxnt",15
"lead",15
"mysteri",15
"natur",15
"none",15
"paus",15
"perform",15
"person",15
"pipe",15
"point",15
"possibl",15
"prayer",15
"pretti",15
"reason",15
"saturday",15
"seat",15
"sermon",15
"shall",15
"shook",15
"sigh",15
"slip",15
"solemn",15
"sometim",15
"struck",15
"struggl",15
"surpris",15
"though",15
"trifl",15
"xbut",15
"xit",15
"xthe",15
"xwhatx",15
"becam",14
"bless",14
"bound",14
"box",14
"certain",14
"climb",14
"continu",14
"doctor",14
"dog",14
"expect",14
"finish",14
"given",14
"hair",14
"human",14
"hunt",14
"includ",14
"kiss",14
"land",14
"least",14
"middl",14
"paragraph",14
"pictur",14
"pleas",14
"pocket",14
"rais",14
"remark",14
"result",14
"seiz",14
"somebodi",14
"speak",14
"spread",14
"street",14
"track",14
"unit",14
"wander",14
"welshman",14
"whitewash",14
"wide",14
"afternoon",13
"aisl",13
"archiv",13
"blame",13
"boysx",13
"broken",13
"brush",13
"complet",13
"copyright",13
"coupl",13
"crack",13
"crowd",13
"dare",13
"delight",13
"deliv",13
"distress",13
"dollar",13
"envi",13
"fight",13
"finn",13
"floor",13
"four",13
"hung",13
"laugh",13
"leg",13
"letx",13
"lit",13
"literari",13
"marbl",13
"melancholi",13
"minist",13
"news",13
"outsid",13
"power",13
"question",13
"quiet",13
"safe",13
"save",13
"sever",13
"six",13
"snatch",13
"sob",13
"spot",13
"sprang",13
"ticket",13
"tongu",13
"usual",13
"vast",13
"access",12
"admir",12
"ago",12
"ami",12
"arriv",12
"asleep",12
"aunti",12
"becuz",12
"begin",12
"bell",12
"besid",12
"board",12
"ceas",12
"circus",12
"comrad",12
"consid",12
"creatur",12
"cut",12
"daylight",12
"death",12
"devil",12
"dig",12
"drag",12
"eat",12
"escap",12
"exclaim",12
"fair",12
"fee",12
"forest",12
"funer",12
"hero",12
"hid",12
"hide",12
"inde",12
"join",12
"joy",12
"noon",12
"opportun",12
"particular",12
"piti",12
"raft",12
"rag",12
"shadow",12
"shore",12
"shudder",12
"skiff",12
"slow",12
"soft",12
"spaniard",12
"stretch",12
"sunday",12
"sundayschool",12
"swear",12
"swim",12
"terror",12
"twenti",12
"wild",12
"worth",12
"yard",12
"break",11
"camp",11
"cautious",11
"chang",11
"child",11
"concern",11
"consider",11
"damag",11
"disappear",11
"dismal",11
"doubt",11
"effect",11
"explor",11
"fast",11
"fli",11
"front",11
"gaze",11
"gratitud",11
"heel",11
"hot",11
"inform",11
"knowx",11
"larg",11
"later",11
"lightn",11
"log",11
"marvel",11
"nice",11
"nose",11
"number",11
"plain",11
"potterx",11
"prize",11
"reveal",11
"roll",11
"row",11
"sad",11
"satisfi",11
"shoulder",11
"sight",11
"son",11
"sorrow",11
"steal",11
"success",11
"sun",11
"throw",11
"tie",11
"truth",11
"visit",11
"wash",11
"xixll",11
"xshow",11
"you",11
"absorb",10
"account",10
"bar",10
"beauti",10
"beetl",10
"bent",10
"blood",10
"bother",10
"burn",10
"captur",10
"catch",10
"charg",10
"charm",10
"circumst",10
"clear",10
"court",10
"crept",10
"danger",10
"dim",10
"draw",10
"evid",10
"exact",10
"fact",10
"ferryboat",10
"file",10
"flower",10
"forgiv",10
"forward",10
"fun",10
"gradual",10
"grass",10
"grow",10
"hit",10
"hole",10
"hurri",10
"hurt",10
"jacket",10
"laid",10
"luck",10
"memori",10
"often",10
"page",10
"paper",10
"perfect",10
"pin",10
"plan",10
"pollyx",10
"prison",10
"produc",10
"pupil",10
"rather",10
"realli",10
"reflect",10
"requir",10
"robin",10
"sank",10
"satisfactori",10
"scare",10
"schoolhous",10
"separ",10
"shake",10
"shut",10
"sir",10
"slept",10
"smile",10
"somethingx",10
"spectacl",10
"speech",10
"stick",10
"suit",10
"sweat",10
"thread",10
"threw",10
"tin",10
"tire",10
"toe",10
"tool",10
"towel",10
"trademark",10
"twice",10
"utter",10
"vagu",10
"wake",10
"whip",10
"wind",10
"witch",10
"women",10
"write",10
"xlong",10
"xlook",10
"yellow",10
"allow",9
"anythingx",9
"astonish",9
"bark",9
"becom",9
"bench",9
"bring",9
"brother",9
"cardiff",9
"caught",9
"cheer",9
"citizen",9
"clay",9
"clean",9
"compli",9
"confid",9
"contempl",9
"content",9
"cover",9
"desir",9
"desk",9
"differ",9
"disturb",9
"drown",9
"either",9
"empti",9
"examin",9
"fail",9
"faint",9
"famili",9
"fix",9
"flew",9
"forget",9
"friday",9
"gang",9
"gentl",9
"glori",9
"haunt",9
"imagin",9
"jone",9
"knee",9
"labor",9
"lawyer",9
"lesson",9
"limit",9
"lot",9
"manx",9
"moan",9
"neither",9
"nevertheless",9
"nigger",9
"nightx",9
"note",9
"owner",9
"pale",9
"possess",9
"pour",9
"proceed",9
"process",9
"rain",9
"refund",9
"remov",9
"reveng",9
"roger",9
"rotten",9
"ruin",9
"scarc",9
"scene",9
"section",9
"seex",9
"sens",9
"settl",9
"shade",9
"sheet",9
"shot",9
"sick",9
"snore",9
"sorri",9
"stori",9
"stranger",9
"stream",9
"studi",9
"summer",9
"tail",9
"taken",9
"therefor",9
"timex",9
"tone",9
"toss",9
"understand",9
"usx",9
"ventur",9
"wart",9
"wasnxt",9
"wast",9
"widowx",9
"xbi",9
"xmi",9
"xthen",9
"xwho",9
"yield",9
"addit",8
"afterward",8
"alfr",8
"anywher",8
"approach",8
"associ",8
"author",8
"avenu",8
"awak",8
"bacon",8
"belong",8
"bibl",8
"blow",8
"bright",8
"chase",8
"class",8
"conspicu",8
"cost",8
"creat",8
"current",8
"display",8
"distinct",8
"domain",8
"dougla",8
"dreari",8
"drink",8
"dumb",8
"earli",8
"easi",8
"edg",8
"elbow",8
"enjoy",8
"everywher",8
"familiar",8
"fasten",8
"forc",8
"forev",8
"gay",8
"git",8
"gloom",8
"gray",8
"grief",8
"grope",8
"guard",8
"halfbre",8
"hat",8
"hollow",8
"hood",8
"hunger",8
"hush",8
"impress",8
"jeff",8
"johnni",8
"jump",8
"key",8
"lantern",8
"laughter",8
"lean",8
"longer",8
"lord",8
"manner",8
"mar",8
"meet",8
"met",8
"miseri",8
"mum",8
"murmur",8
"need",8
"neighbor",8
"nine",8
"nois",8
"occas",8
"pain",8
"passag",8
"path",8
"patient",8
"pay",8
"perhap",8
"pleasant",8
"precious",8
"prepar",8
"pride",8
"privat",8
"push",8
"quit",8
"recit",8
"red",8
"rich",8
"rise",8
"robber",8
"roof",8
"sea",8
"second",8
"sharp",8
"shelter",8
"shovel",8
"sirx",8
"splendor",8
"strang",8
"supper",8
"swept",8
"tackl",8
"tale",8
"tax",8
"thank",8
"thatcherx",8
"thin",8
"thirti",8
"thrust",8
"titter",8
"trip",8
"twelv",8
"uncomfort",8
"uneasi",8
"vers",8
"weari",8
"win",8
"wing",8
"xdo",8
"xin",8
"abroad",7
"across",7
"ahead",7
"appl",7
"applaus",7
"awok",7
"bat",7
"beat",7
"breast",7
"bush",7
"captiv",7
"cast",7
"collect",7
"comex",7
"confess",7
"congreg",7
"corridor",7
"count",7
"curious",7
"decid",7
"describ",7
"detect",7
"determin",7
"dono",7
"douglasx",7
"dozen",7
"drunk",7
"enoughx",7
"except",7
"exercis",7
"fascin",7
"feebl",7
"flame",7
"flash",7
"float",7
"flung",7
"forgot",7
"furtiv",7
"gasp",7
"glow",7
"graveyard",7
"hainxt",7
"halt",7
"heavi",7
"hidden",7
"histori",7
"hogshead",7
"honest",7
"honor",7
"hopeless",7
"horror",7
"howl",7
"hungri",7
"ill",7
"immedi",7
"impuls",7
"indiffer",7
"inspir",7
"king",7
"locat",7
"manag",7
"mere",7
"miller",7
"miser",7
"mourn",7
"muse",7
"occupi",7
"onex",7
"oxclock",7
"paid",7
"pant",7
"pap",7
"parti",7
"peculiar",7
"permiss",7
"perplex",7
"peter",7
"petersburg",7
"picnic",7
"post",7
"pray",7
"pretend",7
"protect",7
"proud",7
"pull",7
"pump",7
"real",7
"relief",7
"repli",7
"respons",7
"resum",7
"retir",7
"romant",7
"rous",7
"rustl",7
"sail",7
"sand",7
"sawyerx",7
"scholar",7
"servic",7
"sheriff",7
"simpli",7
"slowli",7
"sneak",7
"somehow",7
"sore",7
"spent",7
"stone",7
"storm",7
"straight",7
"strain",7
"stump",7
"subject",7
"superintend",7
"support",7
"teacher",7
"thingx",7
"thunder",7
"tipto",7
"tooth",7
"top",7
"torment",7
"tortur",7
"twilight",7
"unconsci",7
"view",7
"volunt",7
"weak",7
"whack",7
"wit",7
"wore",7
"xdonxt",7
"xixm",7
"xnox",7
"xpleas",7
"xso",7
"xthere",7
"xyesx",7
"actual",6
"advantag",6
"although",6
"angel",6
"angri",6
"anxious",6
"ashor",6
"aveng",6
"bag",6
"battl",6
"beg",6
"betray",6
"bird",6
"bluff",6
"bore",6
"bosom",6
"bow",6
"branch",6
"brass",6
"bread",6
"brick",6
"broad",6
"bulli",6
"case",6
"cavern",6
"chair",6
"chap",6
"charact",6
"check",6
"childx",6
"closet",6
"cloud",6
"composit",6
"condit",6
"conduct",6
"conscious",6
"corps",6
"counsel",6
"curios",6
"curl",6
"curv",6
"dawn",6
"deal",6
"defect",6
"depart",6
"depress",6
"desert",6
"disappoint",6
"discourag",6
"distant",6
"dobbin",6
"donex",6
"drive",6
"droop",6
"drove",6
"drowsi",6
"earth",6
"easili",6
"echo",6
"edit",6
"enemi",6
"event",6
"exchang",6
"express",6
"fashion",6
"fellow",6
"fifti",6
"format",6
"futur",6
"gate",6
"glass",6
"god",6
"gold",6
"goner",6
"green",6
"griev",6
"hesit",6
"higher",6
"homeward",6
"increas",6
"inquir",6
"intoler",6
"inward",6
"job",6
"knock",6
"lane",6
"led",6
"limb",6
"lock",6
"loos",6
"march",6
"masterx",6
"medium",6
"mental",6
"moon",6
"music",6
"narrow",6
"necessari",6
"neck",6
"neednxt",6
"nod",6
"oath",6
"observ",6
"oppress",6
"outlaw",6
"plead",6
"pleasur",6
"plenti",6
"plung",6
"presenc",6
"press",6
"profound",6
"proper",6
"provis",6
"punish",6
"purpos",6
"rank",6
"redhand",6
"refer",6
"replac",6
"resolv",6
"scrape",6
"scratch",6
"scriptur",6
"sent",6
"sew",6
"share",6
"shirt",6
"shuck",6
"sidx",6
"signal",6
"silent",6
"sing",6
"skin",6
"slate",6
"smother",6
"snuffl",6
"speed",6
"squeez",6
"stolen",6
"strike",6
"sumach",6
"suspicion",6
"tedious",6
"teeth",6
"tellx",6
"temper",6
"thus",6
"tore",6
"trembl",6
"trick",6
"tumbl",6
"txother",6
"vacat",6
"vanish",6
"wade",6
"wagon",6
"warm",6
"warn",6
"wayx",6
"web",6
"weed",6
"welshmanx",6
"wholli",6
"willx",6
"worn",6
"wors",6
"wrong",6
"xbecki",6
"xemx",6
"xhe",6
"xis",6
"xlet",6
"xthey",6
"xtomx",6
"abl",5
"abus",5
"accord",5
"ach",5
"acquir",5
"agoni",5
"alik",5
"aliv",5
"amount",5
"anyon",5
"applic",5
"appoint",5
"apprehens",5
"argument",5
"art",5
"asid",5
"assembl",5
"ate",5
"attempt",5
"audienc",5
"awe",5
"awfulx",5
"bare",5
"base",5
"bath",5
"beam",5
"belt",5
"bend",5
"blast",5
"blaze",5
"boat",5
"bookx",5
"bottl",5
"built",5
"bundl",5
"buy",5
"calcul",5
"campfir",5
"catx",5
"caus",5
"cent",5
"chin",5
"choke",5
"chose",5
"circl",5
"civil",5
"claw",5
"clung",5
"command",5
"complianc",5
"consequ",5
"consist",5
"contact",5
"contain",5
"crash",5
"creak",5
"custom",5
"dangl",5
"dayx",5
"deaf",5
"deriv",5
"dern",5
"desper",5
"detail",5
"did",5
"difficulti",5
"dip",5
"disclaim",5
"discomfort",5
"discoveri",5
"divid",5
"doom",5
"dri",5
"drip",5
"driven",5
"dull",5
"duti",5
"dxyou",5
"earnest",5
"elm",5
"emerg",5
"encourag",5
"endur",5
"engag",5
"entertain",5
"exhibit",5
"experi",5
"failur",5
"fanci",5
"feast",5
"feebli",5
"feller",5
"flog",5
"flutter",5
"foolish",5
"forti",5
"foundationx",5
"fresh",5
"fright",5
"gain",5
"ghast",5
"glimps",5
"glorious",5
"grace",5
"grand",5
"gratifi",5
"grown",5
"gutenbergx",5
"ham",5
"harm",5
"heaven",5
"hermit",5
"holiday",5
"hookey",5
"hop",5
"idl",5
"imaginari",5
"import",5
"incant",5
"inch",5
"indian",5
"individu",5
"inspect",5
"instead",5
"intent",5
"interrupt",5
"interv",5
"invit",5
"iron",5
"jail",5
"jaw",5
"juvenil",5
"kitchen",5
"kitelin",5
"known",5
"lack",5
"lastx",5
"lawrenc",5
"length",5
"lifex",5
"linger",5
"lone",5
"lordi",5
"lordx",5
"manifest",5
"marri",5
"materi",5
"meanx",5
"mend",5
"midst",5
"mission",5
"missouri",5
"mistak",5
"model",5
"month",5
"most",5
"mutter",5
"nook",5
"object",5
"obtain",5
"offici",5
"origin",5
"other",5
"owe",5
"painkil",5
"pet",5
"pew",5
"phrase",5
"piratex",5
"placex",5
"plank",5
"prompt",5
"pronounc",5
"properti",5
"quak",5
"quarter",5
"rage",5
"rang",5
"reader",5
"recogn",5
"recollect",5
"redistribut",5
"refus",5
"regular",5
"remot",5
"resolut",5
"respect",5
"ribbon",5
"rid",5
"rightx",5
"risk",5
"roar",5
"royalti",5
"rusti",5
"sayx",5
"season",5
"secur",5
"seldom",5
"sentenc",5
"shape",5
"simpl",5
"situat",5
"skip",5
"smaller",5
"sought",5
"spanish",5
"spi",5
"spite",5
"splendid",5
"spunkwat",5
"statement",5
"stile",5
"store",5
"straggl",5
"strength",5
"stroke",5
"stuck",5
"suffici",5
"sugar",5
"sung",5
"suppos",5
"survey",5
"suspect",5
"sweep",5
"swell",5
"sycamor",5
"sympathi",5
"tast",5
"templ",5
"temptat",5
"testifi",5
"thick",5
"third",5
"thoma",5
"throat",5
"throne",5
"tinglingl",5
"true",5
"trust",5
"unless",5
"visitor",5
"warili",5
"warranti",5
"warwhoop",5
"wear",5
"wednesday",5
"weight",5
"wherev",5
"whiskey",5
"widder",5
"wise",5
"wisht",5
"woodsh",5
"worst",5
"wound",5
"wrote",5
"xgo",5
"xhello",5
"xhere",5
"xhow",5
"xif",5
"xixd",5
"xlookyher",5
"xproject",5
"xtainxt",5
"xtake",5
"xthat",5
"yawn",5
"abandon",4
"absent",4
"accept",4
"accompani",4
"admit",4
"adorn",4
"afeardx",4
"afraidx",4
"alongsid",4
"alongx",4
"alreadi",4
"amus",4
"anticip",4
"anxieti",4
"anywayx",4
"apart",4
"artist",4
"ash",4
"atmospher",4
"august",4
"avoid",4
"awar",4
"ball",4
"bank",4
"basin",4
"bean",4
"betterx",4
"bitter",4
"blanket",4
"blind",4
"bliss",4
"blunder",4
"bob",4
"bode",4
"bottom",4
"brim",4
"bull",4
"calm",4
"caution",4
"cavex",4
"chat",4
"chatter",4
"cheek",4
"chief",4
"choir",4
"chunk",4
"claim",4
"clasp",4
"clemen",4
"clock",4
"closer",4
"coat",4
"coffin",4
"coin",4
"collar",4
"color",4
"comput",4
"confus",4
"consent",4
"constant",4
"contribut",4
"creep",4
"crime",4
"cup",4
"daili",4
"dainti",4
"danc",4
"dart",4
"date",4
"deepen",4
"degre",4
"delici",4
"denial",4
"dens",4
"depth",4
"descend",4
"descript",4
"dilig",4
"distract",4
"drawn",4
"drench",4
"drownd",4
"drows",4
"dug",4
"dust",4
"eaten",4
"ecstasi",4
"egg",4
"eleven",4
"email",4
"enterpris",4
"episod",4
"etc",4
"expedit",4
"expens",4
"expos",4
"faculti",4
"fade",4
"farther",4
"father",4
"featur",4
"fellowx",4
"field",4
"fifteen",4
"finnx",4
"fled",4
"flit",4
"flock",4
"flow",4
"foliag",4
"foller",4
"food",4
"forgotten",4
"freeli",4
"frock",4
"furious",4
"gal",4
"galleri",4
"garment",4
"generous",4
"gentlemen",4
"giddi",4
"glare",4
"goodx",4
"grandeur",4
"greatest",4
"gun",4
"halfpast",4
"handi",4
"handkerchief",4
"harder",4
"harperx",4
"heal",4
"heav",4
"helpless",4
"him",4
"hint",4
"holder",4
"homesick",4
"hove",4
"hucki",4
"impati",4
"impos",4
"incid",4
"inquest",4
"intend",4
"introduc",4
"isol",4
"jacksonx",4
"joke",4
"jubil",4
"kick",4
"latter",4
"lemm",4
"link",4
"livex",4
"load",4
"loneli",4
"lower",4
"lucki",4
"lump",4
"majest",4
"maybex",4
"mcdougalx",4
"measur",4
"meow",4
"mine",4
"mischief",4
"misfortun",4
"monday",4
"moneyx",4
"mood",4
"mountain",4
"muchx",4
"muffl",4
"mustnxt",4
"namex",4
"neat",4
"negro",4
"neighborhood",4
"nothingx",4
"notion",4
"oak",4
"oblig",4
"offic",4
"onlin",4
"opinion",4
"overhead",4
"pair",4
"pang",4
"parent",4
"peal",4
"peep",4
"percept",4
"period",4
"pine",4
"platform",4
"plausibl",4
"poke",4
"port",4
"practis",4
"pranc",4
"prick",4
"print",4
"probabl",4
"proudest",4
"prove",4
"puls",4
"quiver",4
"rare",4
"rearward",4
"regard",4
"regret",4
"reign",4
"reliev",4
"repeat",4
"repres",4
"ring",4
"rippl",4
"rope",4
"roundabout",4
"rude",4
"sacr",4
"samuel",4
"schoolmat",4
"searcher",4
"seek",4
"sex",4
"shame",4
"shaxnxt",4
"shed",4
"shingl",4
"shoe",4
"sin",4
"singl",4
"site",4
"sky",4
"skylark",4
"smart",4
"snug",4
"societi",4
"somewher",4
"space",4
"spare",4
"special",4
"speck",4
"spellingbook",4
"sport",4
"sprawl",4
"stair",4
"stairway",4
"startl",4
"status",4
"steep",4
"straightway",4
"strict",4
"string",4
"strode",4
"stronger",4
"stumbl",4
"stun",4
"suggest",4
"sum",4
"summit",4
"superstit",4
"suspend",4
"suspici",4
"swallow",4
"swam",4
"swing",4
"swore",4
"sxpose",4
"tall",4
"tangl",4
"tanner",4
"terribl",4
"thee",4
"thimbl",4
"thither",4
"threaten",4
"throng",4
"thrown",4
"thursday",4
"today",4
"toil",4
"tonight",4
"trade",4
"travers",4
"treat",4
"treatment",4
"tremend",4
"trial",4
"trot",4
"trouser",4
"tuesday",4
"tug",4
"twain",4
"unlock",4
"upper",4
"upset",4
"vagrant",4
"vain",4
"valley",4
"vaniti",4
"varieti",4
"various",4
"vexat",4
"vigor",4
"villain",4
"vision",4
"walter",4
"waltersx",4
"war",4
"waver",4
"weaken",4
"wealth",4
"west",4
"wet",4
"whenev",4
"whether",4
"whistl",4
"wife",4
"wist",4
"wonxtx",4
"worri",4
"worship",4
"xani",4
"xaunti",4
"xbecaus",4
"xblame",4
"xcome",4
"xdid",4
"xfor",4
"xgood",4
"xhave",4
"xhold",4
"xixv",4
"xjust",4
"xnever",4
"xof",4
"xrun",4
"xsh",4
"xshx",4
"xsid",4
"xthoma",4
"xtis",4
"xwe",4
"xwhatxll",4
"xwhox",4
"xyour",4
"xyouxr",4
"yonder",4
"youth",4
"abreast",3
"accomplish",3
"accus",3
"accustom",3
"activ",3
"address",3
"ador",3
"afeard",3
"agreedx",3
"ail",3
"alarm",3
"aloft",3
"alonex",3
"alter",3
"ambit",3
"anguish",3
"anotherx",3
"appar",3
"appeal",3
"armi",3
"aroundx",3
"arrow",3
"asham",3
"assist",3
"astound",3
"attack",3
"attend",3
"attract",3
"avert",3
"awayx",3
"awkward",3
"babi",3
"backward",3
"backx",3
"balanc",3
"bandag",3
"bang",3
"barrel",3
"bedroom",3
"begun",3
"behold",3
"betterxn",3
"blanch",3
"blight",3
"block",3
"bloom",3
"blush",3
"boatx",3
"bodyx",3
"boom",3
"born",3
"boxx",3
"brace",3
"breach",3
"brood",3
"brow",3
"bucket",3
"budg",3
"burden",3
"businessx",3
"button",3
"cadet",3
"cake",3
"candlegreas",3
"canvass",3
"career",3
"chamber",3
"chao",3
"chest",3
"chew",3
"chill",3
"choos",3
"clad",3
"clamor",3
"clod",3
"clown",3
"comb",3
"combin",3
"common",3
"compar",3
"complain",3
"conclud",3
"confirm",3
"conveni",3
"counti",3
"courtroom",3
"crazi",3
"cream",3
"credit",3
"crevic",3
"critic",3
"crossx",3
"crown",3
"cruelti",3
"cure",3
"curs",3
"curtain",3
"cuss",3
"customari",3
"dasnxt",3
"daytimex",3
"deed",3
"deeper",3
"deepli",3
"demand",3
"deni",3
"depend",3
"despair",3
"destroy",3
"destruct",3
"dinner",3
"dirt",3
"discharg",3
"donxtx",3
"doodlebug",3
"doorstep",3
"doubl",3
"downtown",3
"downward",3
"dreamt",3
"dreamx",3
"drowndedx",3
"due",3
"dump",3
"eas",3
"eitherx",3
"elabor",3
"elect",3
"eloqu",3
"elsewher",3
"emot",3
"emphas",3
"employe",3
"england",3
"english",3
"entiti",3
"entranc",3
"equal",3
"equip",3
"everybodyx",3
"exalt",3
"exert",3
"exhaust",3
"exist",3
"explan",3
"explos",3
"exult",3
"faith",3
"fate",3
"fatherx",3
"fault",3
"feather",3
"festiv",3
"fever",3
"figur",3
"firecrack",3
"firm",3
"fit",3
"flag",3
"flicker",3
"flush",3
"forlorn",3
"formid",3
"fragment",3
"frame",3
"frantic",3
"fraud",3
"freight",3
"frighten",3
"frown",3
"fulli",3
"furnish",3
"garden",3
"gayli",3
"generat",3
"gentleman",3
"gimm",3
"girlsx",3
"girlx",3
"glide",3
"glitter",3
"gloomi",3
"goe",3
"govern",3
"grab",3
"graviti",3
"grim",3
"grip",3
"grisli",3
"guess",3
"handl",3
"handsom",3
"happier",3
"harass",3
"harbisonx",3
"havenxt",3
"health",3
"heap",3
"heartbreak",3
"heat",3
"hender",3
"hey",3
"hideous",3
"hidingplac",3
"himx",3
"hither",3
"holli",3
"homex",3
"hook",3
"hors",3
"hospit",3
"huckleberryx",3
"humili",3
"hurl",3
"hymn",3
"hymnbook",3
"illumin",3
"illustri",3
"improv",3
"ink",3
"innoc",3
"insect",3
"insid",3
"interf",3
"intrud",3
"issu",3
"jake",3
"jam",3
"jeer",3
"jing",3
"judgment",3
"justic",3
"keen",3
"kite",3
"knelt",3
"knob",3
"labyrinth",3
"ladyx",3
"lake",3
"landx",3
"languagex",3
"lap",3
"lapel",3
"lash",3
"latest",3
"lavish",3
"lawrencex",3
"lazi",3
"leaf",3
"leather",3
"legal",3
"liabil",3
"librari",3
"liquor",3
"lonesom",3
"longest",3
"lookout",3
"lose",3
"louder",3
"machin",3
"mass",3
"match",3
"mayor",3
"meantim",3
"medicin",3
"medit",3
"member",3
"method",3
"middleag",3
"millerx",3
"million",3
"mirth",3
"misgiv",3
"mississippi",3
"monoton",3
"mope",3
"mourner",3
"movement",3
"mumx",3
"muscl",3
"nake",3
"nation",3
"nearer",3
"needl",3
"nightfal",3
"nip",3
"nobl",3
"nowher",3
"nudg",3
"occasion",3
"odd",3
"ole",3
"othersx",3
"outcast",3
"overlook",3
"overwhelm",3
"owl",3
"own",3
"pail",3
"past",3
"pathet",3
"patho",3
"payment",3
"percussioncap",3
"peril",3
"perish",3
"perman",3
"permit",3
"pervad",3
"piraci",3
"piratesx",3
"polit",3
"portion",3
"pound",3
"presid",3
"previous",3
"privileg",3
"prodigi",3
"progress",3
"promot",3
"prop",3
"prosecut",3
"pulpit",3
"punch",3
"quack",3
"quarrel",3
"quarri",3
"quickx",3
"ransack",3
"rap",3
"realiti",3
"rear",3
"recess",3
"reckonx",3
"record",3
"reel",3
"refug",3
"relaps",3
"releas",3
"reluct",3
"remind",3
"repent",3
"report",3
"request",3
"research",3
"resembl",3
"resent",3
"resist",3
"restless",3
"resurrect",3
"retreat",3
"rever",3
"reward",3
"riverbank",3
"rob",3
"rough",3
"rush",3
"salli",3
"sandbar",3
"sandi",3
"sash",3
"scatter",3
"schoolmast",3
"schoolx",3
"score",3
"scrawl",3
"scuffl",3
"seduct",3
"self",3
"sell",3
"send",3
"sensat",3
"sereni",3
"seven",3
"shallow",3
"she",3
"sheepish",3
"sheer",3
"shine",3
"ship",3
"shiver",3
"shove",3
"signpainterx",3
"sink",3
"slaughterhous",3
"sleev",3
"slight",3
"slim",3
"smooth",3
"smote",3
"snake",3
"sneez",3
"soldier",3
"solicit",3
"solid",3
"somebodyx",3
"somewhat",3
"song",3
"spade",3
"sped",3
"spell",3
"spile",3
"spoke",3
"stabboard",3
"stagger",3
"stalactit",3
"stalagmit",3
"star",3
"steadili",3
"stealthili",3
"stern",3
"stiff",3
"stole",3
"stolid",3
"stomach",3
"stoop",3
"straw",3
"stray",3
"style",3
"subdu",3
"sullen",3
"sunk",3
"surex",3
"swarm",3
"sweet",3
"sword",3
"tabl",3
"tallow",3
"teaspoon",3
"tent",3
"texa",3
"thinkx",3
"thorough",3
"thou",3
"timid",3
"tobacco",3
"togetherx",3
"toler",3
"tomorrow",3
"tourist",3
"toy",3
"tradit",3
"tranquil",3
"trap",3
"travel",3
"treacher",3
"triumph",3
"troop",3
"twox",3
"uncl",3
"uncov",3
"understood",3
"unknown",3
"updat",3
"upward",3
"user",3
"vacant",3
"valu",3
"vari",3
"vengeanc",3
"vestibul",3
"vicin",3
"victim",3
"victori",3
"vine",3
"visibl",3
"volum",3
"waterdrip",3
"wave",3
"weekday",3
"weigh",3
"wend",3
"western",3
"what",3
"wheel",3
"whiz",3
"whoop",3
"wick",3
"widderx",3
"william",3
"wink",3
"wipe",3
"witnessx",3
"woke",3
"woman",3
"womenx",3
"won",3
"worldx",3
"worm",3
"worthi",3
"would",3
"written",3
"wrought",3
"wwwgutenbergnet",3
"xaunt",3
"xayeay",3
"xdeed",3
"xget",3
"xgot",3
"xhucki",3
"xhuckleberri",3
"xix",3
"xless",3
"xlike",3
"xlord",3
"xmost",3
"xnoth",3
"xnowx",3
"xon",3
"xpoor",3
"xput",3
"xrevengex",3
"xshuck",3
"xsteadi",3
"xstop",3
"xtend",3
"xturn",3
"xvi",3
"xwhen",3
"xxtainxt",3
"xyesxmx",3
"yearn",3
"yell",3
"yelp",3
"yesterday",3
"younger",3
"youx",3
"abash",2
"abid",2
"absurd",2
"abund",2
"accost",2
"achiev",2
"administ",2
"adult",2
"advanc",2
"affair",2
"affect",2
"aggrav",2
"agin",2
"agox",2
"agreeabl",2
"ainxtx",2
"alabama",2
"alacr",2
"all",2
"alloy",2
"altogeth",2
"altogetherx",2
"america",2
"amid",2
"amiss",2
"amyx",2
"anatomi",2
"ancient",2
"andiron",2
"angl",2
"ant",2
"anywherex",2
"apiec",2
"appal",2
"appetit",2
"appli",2
"apron",2
"argu",2
"array",2
"asciix",2
"aspect",2
"assent",2
"assert",2
"assum",2
"astronom",2
"attitud",2
"attorney",2
"audibl",2
"auntiex",2
"avail",2
"bail",2
"bait",2
"bald",2
"barlow",2
"bead",2
"beanx",2
"bedpost",2
"bedsid",2
"bee",2
"befriend",2
"beguil",2
"benedict",2
"betook",2
"biggest",2
"bill",2
"billi",2
"blackboard",2
"blade",2
"bleed",2
"bleev",2
"blew",2
"bloodx",2
"blubber",2
"boast",2
"boil",2
"bold",2
"bought",2
"boundless",2
"bowieknif",2
"brave",2
"breathless",2
"brisk",2
"bristl",2
"brokenheart",2
"brook",2
"brown",2
"buffalo",2
"bug",2
"build",2
"bunch",2
"burglarx",2
"burnt",2
"bust",2
"buzz",2
"candlesmok",2
"candlex",2
"cannon",2
"canx",2
"canxtx",2
"cap",2
"capac",2
"captain",2
"careless",2
"catastroph",2
"catlik",2
"ceaseless",2
"cellar",2
"centr",2
"chalk",2
"chariti",2
"chasm",2
"cheerili",2
"chickenheart",2
"chilli",2
"chimney",2
"chip",2
"chirp",2
"choic",2
"cigar",2
"citi",2
"clang",2
"clap",2
"clerk",2
"climax",2
"clothesx",2
"cloudi",2
"clump",2
"coffe",2
"cogit",2
"colt",2
"combat",2
"commit",2
"commonplac",2
"commune",2
"companion",2
"companyx",2
"compass",2
"compens",2
"compliment",2
"comprehend",2
"compress",2
"comradex",2
"conceiv",2
"concept",2
"conclus",2
"confer",2
"conflagr",2
"constantinopl",2
"consum",2
"contend",2
"contin",2
"contriv",2
"convers",2
"cook",2
"cool",2
"corn",2
"could",2
"counterfeit",2
"courthous",2
"covet",2
"coward",2
"craft",2
"crawl",2
"creation",2
"crimson",2
"crippl",2
"cruelli",2
"crush",2
"crybabi",2
"cryx",2
"david",2
"daytim",2
"dazzl",2
"deadlimb",2
"deafen",2
"dear",2
"deathx",2
"decay",2
"declin",2
"defenc",2
"delay",2
"deliri",2
"delug",2
"deris",2
"desol",2
"devic",2
"devilx",2
"dewi",2
"dignifi",2
"digx",2
"dime",2
"diminish",2
"dingdongdong",2
"discipl",2
"disciplin",2
"disclos",2
"discours",2
"disguis",2
"disgust",2
"disjoint",2
"dismantl",2
"dismiss",2
"disput",2
"distinguish",2
"divin",2
"dixmond",2
"dixmondsx",2
"dodg",2
"dogx",2
"doorx",2
"doubtless",2
"doze",2
"dramat",2
"dreami",2
"drum",2
"druther",2
"dusk",2
"eager",2
"easyx",2
"econom",2
"educ",2
"effus",2
"eight",2
"eighteen",2
"ejacul",2
"elder",2
"embrac",2
"employ",2
"enabl",2
"enclos",2
"encount",2
"energi",2
"engagedx",2
"ensu",2
"enthusiasm",2
"entitl",2
"especi",2
"etern",2
"eventu",2
"everythingx",2
"exceed",2
"excess",2
"excus",2
"execut",2
"exempt",2
"expand",2
"expector",2
"expir",2
"explain",2
"extent",2
"extrem",2
"eyebal",2
"facil",2
"faintest",2
"fallen",2
"fals",2
"famish",2
"famous",2
"fan",2
"fatal",2
"fatigu",2
"favor",2
"favorit",2
"feder",2
"ferryboatx",2
"ferryland",2
"ferul",2
"festoon",2
"fetter",2
"fidget",2
"fierc",2
"fightx",2
"finest",2
"fireplac",2
"fist",2
"flap",2
"flat",2
"fleet",2
"flesh",2
"flight",2
"flirtat",2
"flood",2
"flowerpot",2
"fog",2
"fold",2
"fond",2
"fondl",2
"footstep",2
"forbad",2
"forsook",2
"fortifi",2
"fortnight",2
"fortun",2
"fortyeight",2
"foundx",2
"fountain",2
"fourth",2
"frenzi",2
"frequent",2
"fresco",2
"fret",2
"fri",2
"fridayx",2
"friendless",2
"friendsx",2
"fring",2
"frivol",2
"frolic",2
"fuddl",2
"fullest",2
"furnitur",2
"gangx",2
"gape",2
"garret",2
"gaudi",2
"gayx",2
"geemini",2
"genial",2
"genuin",2
"geographi",2
"georg",2
"german",2
"gestur",2
"gild",2
"ginger",2
"givex",2
"gladheart",2
"gleam",2
"glimmer",2
"gloat",2
"glorifi",2
"goal",2
"goodnight",2
"gorgeous",2
"gori",2
"gotx",2
"goug",2
"governor",2
"grant",2
"grapevin",2
"gratif",2
"gravel",2
"gravex",2
"graveyardx",2
"groundx",2
"growth",2
"grumbl",2
"grunt",2
"guid",2
"guil",2
"gush",2
"habit",2
"hack",2
"haggard",2
"hail",2
"halfhour",2
"halfway",2
"hammer",2
"happiest",2
"harmoni",2
"hart",2
"harumscarum",2
"hasten",2
"have",2
"havenxtx",2
"headboard",2
"headquart",2
"heavili",2
"height",2
"hermitx",2
"highest",2
"hind",2
"hoars",2
"hog",2
"homeless",2
"homestretch",2
"hoodx",2
"hoot",2
"hopkin",2
"hoss",2
"housex",2
"hover",2
"httppglaforg",2
"httpwwwgutenbergnet",2
"hug",2
"hum",2
"hurryx",2
"husband",2
"huzzah",2
"hypercrit",2
"ignor",2
"iii",2
"illinoi",2
"illustr",2
"imit",2
"immin",2
"impli",2
"implor",2
"imposs",2
"inclin",2
"incred",2
"indic",2
"indirect",2
"industri",2
"infern",2
"influenc",2
"initi",2
"injur",2
"injuri",2
"insignific",2
"intellectu",2
"intens",2
"interfer",2
"intern",2
"inton",2
"invalid",2
"inveter",2
"irrit",2
"jacketx",2
"jade",2
"jealousi",2
"jewel",2
"jingo",2
"jobx",2
"jolli",2
"joyous",2
"judici",2
"justifi",2
"keelx",2
"ketch",2
"kitestr",2
"knit",2
"labboard",2
"labori",2
"ladybug",2
"lam",2
"languag",2
"laps",2
"latch",2
"lath",2
"latterx",2
"leastway",2
"letter",2
"liar",2
"lieu",2
"liex",2
"limeston",2
"lion",2
"liquid",2
"list",2
"listless",2
"literatur",2
"littlex",2
"livelyx",2
"lodg",2
"lofti",2
"loiter",2
"lookx",2
"loss",2
"lostx",2
"loud",2
"loui",2
"luckx",2
"lug",2
"lugubri",2
"luxuri",2
"magnific",2
"major",2
"mansion",2
"manuscript",2
"maow",2
"market",2
"marksx",2
"marriedx",2
"maze",2
"meadow",2
"meal",2
"measl",2
"measureless",2
"meat",2
"mellow",2
"melon",2
"memor",2
"mention",2
"menx",2
"merci",2
"merri",2
"metalx",2
"michael",2
"midnightx",2
"mightili",2
"mightnxt",2
"minex",2
"mingl",2
"minutex",2
"mischeev",2
"missi",2
"mister",2
"mix",2
"modifi",2
"momentx",2
"moodi",2
"moodili",2
"moonlight",2
"moral",2
"moreov",2
"morningx",2
"mount",2
"muffx",2
"multipli",2
"mumbl",2
"murki",2
"mutual",2
"mystic",2
"nativ",2
"nearest",2
"neckti",2
"neglect",2
"nerv",2
"nerveless",2
"neverx",2
"newcom",2
"newfangl",2
"nibbl",2
"nobodyxl",2
"noisi",2
"north",2
"nostril",2
"not",2
"notabl",2
"notch",2
"notorieti",2
"notwithstand",2
"novelti",2
"numer",2
"oar",2
"obey",2
"offens",2
"older",2
"oldfashion",2
"omiss",2
"onto",2
"openair",2
"oper",2
"ordinarili",2
"orgi",2
"orgiesx",2
"ostentati",2
"otherwis",2
"overflow",2
"pace",2
"pack",2
"paint",2
"palacex",2
"palm",2
"pansi",2
"papx",2
"paralyz",2
"passion",2
"patch",2
"pattern",2
"peer",2
"peg",2
"per",2
"persist",2
"persuad",2
"persuas",2
"petit",2
"phase",2
"physic",2
"picnicx",2
"pie",2
"pierc",2
"pile",2
"pillar",2
"pinchbug",2
"pistol",2
"plait",2
"plant",2
"poetri",2
"pomp",2
"poodl",2
"posit",2
"practic",2
"premis",2
"preserv",2
"pressur",2
"preval",2
"prevent",2
"pri",2
"prime",2
"princip",2
"proclaim",2
"profan",2
"profit",2
"promin",2
"propos",2
"prospect",2
"punctuat",2
"pup",2
"pursuit",2
"puzzl",2
"quantiti",2
"queer",2
"quest",2
"quicker",2
"quotat",2
"rake",2
"random",2
"ransomx",2
"rat",2
"ratsx",2
"rattl",2
"readabl",2
"recal",2
"receipt",2
"recognit",2
"recreat",2
"reform",2
"refresh",2
"regalia",2
"regist",2
"regxlar",2
"relat",2
"relax",2
"relentless",2
"religi",2
"remedi",2
"remors",2
"rendezv",2
"repetit",2
"repos",2
"rescu",2
"reserv",2
"resign",2
"respond",2
"restor",2
"restrict",2
"reus",2
"revel",2
"reviv",2
"ridicul",2
"rift",2
"rip",2
"road",2
"roam",2
"roast",2
"robbersx",2
"robberx",2
"robe",2
"robinson",2
"robx",2
"rocki",2
"rod",2
"rot",2
"rout",2
"rub",2
"rubbag",2
"rule",2
"sabbath",2
"sabbathschool",2
"sack",2
"sackcloth",2
"sake",2
"satan",2
"satisfact",2
"scalp",2
"scan",2
"scheme",2
"schoolyard",2
"scold",2
"scoop",2
"scorch",2
"scorn",2
"scuttl",2
"seal",2
"sear",2
"secreci",2
"selfx",2
"sentiment",2
"seren",2
"shabbi",2
"shabbier",2
"shackl",2
"shaken",2
"shaki",2
"shallshal",2
"sherwood",2
"shexd",2
"shift",2
"shiverx",2
"shoal",2
"shorten",2
"sickx",2
"sidewalk",2
"silk",2
"silver",2
"simpleheart",2
"sittingroom",2
"sixti",2
"size",2
"sketch",2
"skiffx",2
"skirt",2
"skull",2
"slacken",2
"slather",2
"slaughter",2
"slave",2
"sleepi",2
"slender",2
"slice",2
"slightest",2
"slit",2
"slope",2
"slouch",2
"slumber",2
"smear",2
"snap",2
"snort",2
"soak",2
"soap",2
"sober",2
"sold",2
"soliloqu",2
"sombr",2
"sometimesx",2
"sooner",2
"sooth",2
"soulx",2
"sour",2
"south",2
"spacious",2
"speaker",2
"specifi",2
"sperrit",2
"split",2
"spoil",2
"spoken",2
"spray",2
"spunkwaterx",2
"squar",2
"squeak",2
"stain",2
"stammer",2
"stamp",2
"steadi",2
"stealthi",2
"steam",2
"steamboat",2
"stillhous",2
"stock",2
"stoni",2
"straggler",2
"straighten",2
"strangerx",2
"strangl",2
"streak",2
"stricken",2
"strip",2
"stubborn",2
"stuff",2
"stupor",2
"submit",2
"subscrib",2
"subsid",2
"succeed",2
"suck",2
"summerx",2
"sumptuous",2
"sunshin",2
"surfac",2
"surround",2
"susi",2
"swag",2
"swaller",2
"sway",2
"sweetmeat",2
"switch",2
"sworn",2
"symptom",2
"system",2
"talkx",2
"target",2
"taught",2
"teas",2
"telegraph",2
"tempest",2
"tempt",2
"tencent",2
"tender",2
"terrif",2
"text",2
"that",2
"the",2
"theex",2
"theori",2
"thereabout",2
"thi",2
"this",2
"thoughtx",2
"thoughx",2
"thrash",2
"threadbar",2
"threequart",2
"threshold",2
"thunderbolt",2
"thunderx",2
"ticketx",2
"tickx",2
"tight",2
"tingl",2
"tinglinglingx",2
"titl",2
"toex",2
"toldx",2
"tole",2
"toothach",2
"topic",2
"topmost",2
"tramp",2
"trampl",2
"tranquilli",2
"treasurehous",2
"treasurehunt",2
"treebox",2
"treetop",2
"treetrunk",2
"tribe",2
"trickl",2
"troublesom",2
"troublex",2
"trumpet",2
"twig",2
"twinkl",2
"unanim",2
"unappeas",2
"unavail",2
"uncertainti",2
"undecid",2
"undefin",2
"undress",2
"unearth",2
"unfold",2
"unhappi",2
"uniform",2
"unkempt",2
"unnecessari",2
"unquestion",2
"unrol",2
"unspeak",2
"unusu",2
"unwound",2
"upright",2
"upstair",2
"upstream",2
"useless",2
"vanilla",2
"vanquish",2
"veil",2
"verdict",2
"verg",2
"vicious",2
"vii",2
"viii",2
"vindict",2
"vital",2
"void",2
"vulgar",2
"wag",2
"wail",2
"waitcom",2
"wane",2
"wardrob",2
"was",2
"watcher",2
"watchman",2
"weaker",2
"wealthi",2
"weapon",2
"weather",2
"weddingcak",2
"weep",2
"weepon",2
"weird",2
"welchman",2
"welcom",2
"wellnigh",2
"wharf",2
"whatev",2
"whatsoev",2
"whilst",2
"whirl",2
"whisker",2
"whoever",2
"widest",2
"widger",2
"wig",2
"williamsx",2
"wilt",2
"windfal",2
"windowsash",2
"windx",2
"wisest",2
"withal",2
"woe",2
"woodi",2
"woodpeck",2
"wordx",2
"workx",2
"wrap",2
"wrath",2
"wreck",2
"wretched",2
"wring",2
"xah",2
"xaladdinx",2
"xas",2
"xat",2
"xbarlowx",2
"xbe",2
"xbought",2
"xbranchx",2
"xcanxt",2
"xcompositionsx",2
"xdangerousx",2
"xdead",2
"xdream",2
"xellx",2
"xexaminationx",2
"xgive",2
"xhallo",2
"xhaxntedx",2
"xhear",2
"xholler",2
"xii",2
"xiii",2
"xiv",2
"xjoe",2
"xjump",2
"xkeep",2
"xkiss",2
"xlemm",2
"xlistenx",2
"xlordi",2
"xlow",2
"xmaowx",2
"xmayb",2
"xmuff",2
"xmurdererx",2
"xnot",2
"xnough",2
"xnuffx",2
"xnumber",2
"xout",2
"xpear",2
"xplain",2
"xpretti",2
"xquick",2
"xred",2
"xright",2
"xsend",2
"xset",2
"xshe",2
"xsho",2
"xshut",2
"xsound",2
"xspeak",2
"xstylex",2
"xtell",2
"xtherex",2
"xtheyxr",2
"xthout",2
"xtwas",2
"xtwo",2
"xtxotherx",2
"xvii",2
"xviii",2
"xwas",2
"xwere",2
"xwexll",2
"xwhere",2
"xwherexd",2
"xwhich",2
"xwould",2
"xxi",2
"xxii",2
"xxiii",2
"xxiv",2
"xxix",2
"xxv",2
"xxvii",2
"xxviii",2
"xxx",2
"xxxi",2
"xxxii",2
"xxxiii",2
"xxxiv",2
"xxxv",2
"xyesxm",2
"xyouxll",2
"yetx",2
"yew",2
"yourn",2
"ablaz",1
"aboard",1
"abound",1
"absentmind",1
"absentminded",1
"abstain",1
"academi",1
"accent",1
"accid",1
"accident",1
"accoutr",1
"acrobaticsattend",1
"action",1
"adamantin",1
"adher",1
"afflict",1
"afford",1
"afloat",1
"agelong",1
"agent",1
"agu",1
"aheadxl",1
"aid",1
"aidesdecamp",1
"ailment",1
"aimlesslysimpli",1
"airili",1
"alert",1
"alivex",1
"alleyx",1
"allowx",1
"allusionsx",1
"aloud",1
"altar",1
"altern",1
"altitud",1
"alwaysx",1
"amass",1
"amaz",1
"ambuscad",1
"ambush",1
"amen",1
"amidship",1
"ammunit",1
"amongst",1
"ampl",1
"amusementstom",1
"analyz",1
"anatomycarri",1
"ancestor",1
"andironknob",1
"angelx",1
"ani",1
"anim",1
"animos",1
"ankl",1
"announc",1
"annoy",1
"answernoth",1
"antelop",1
"anybodyseen",1
"anybodywhack",1
"anybodywil",1
"anybodyx",1
"anywherx",1
"apathi",1
"appealxdid",1
"appeas",1
"applaud",1
"applex",1
"appointedx",1
"appreci",1
"approacheshappi",1
"architectur",1
"ardor",1
"aris",1
"aristocraci",1
"armchair",1
"armx",1
"aros",1
"arosehostil",1
"aroundsmil",1
"arous",1
"arrang",1
"arrest",1
"artifici",1
"artilleri",1
"artless",1
"ascent",1
"askeddim",1
"askx",1
"asleepx",1
"ass",1
"assur",1
"assyrian",1
"astrid",1
"athwart",1
"attach",1
"attain",1
"attest",1
"attic",1
"attrit",1
"audaci",1
"auditori",1
"auntiecertain",1
"aurorax",1
"auspic",1
"auspici",1
"austin",1
"avarici",1
"averag",1
"avers",1
"avoc",1
"awaken",1
"awaybless",1
"awayev",1
"awaysomewhat",1
"aweinspir",1
"awfulest",1
"backardsx",1
"backbon",1
"backhand",1
"bade",1
"badx",1
"baffl",1
"bake",1
"baker",1
"bale",1
"ballroom",1
"balm",1
"balmi",1
"band",1
"banish",1
"banist",1
"banknot",1
"bankrupt",1
"barefoot",1
"bareleg",1
"bargain",1
"barkx",1
"barleycorn",1
"barlowx",1
"barrow",1
"barxl",1
"basket",1
"bass",1
"bate",1
"batteri",1
"bay",1
"beast",1
"beckyxl",1
"beckyxr",1
"bedchamb",1
"bedcloth",1
"bedridden",1
"bedval",1
"bedx",1
"befit",1
"beganhesit",1
"behav",1
"behavior",1
"beholden",1
"belat",1
"belief",1
"belittl",1
"belleverythingx",1
"beneath",1
"benefit",1
"benni",1
"benton",1
"benx",1
"bereav",1
"berth",1
"beseech",1
"bestheart",1
"bethought",1
"betrayedexpect",1
"betterxm",1
"betx",1
"bewitch",1
"biblepr",1
"bid",1
"bigger",1
"bight",1
"billowi",1
"binari",1
"biograph",1
"birdlik",1
"bishop",1
"bitsx",1
"bitterest",1
"bitx",1
"blab",1
"blackey",1
"blackhair",1
"blackhul",1
"blackx",1
"bladder",1
"blanc",1
"bled",1
"blindfold",1
"blink",1
"blisterplast",1
"bloodcurdl",1
"bloodi",1
"bloodiest",1
"bloodymind",1
"blossom",1
"blot",1
"blown",1
"blowout",1
"blowx",1
"blueey",1
"blur",1
"blurt",1
"bluster",1
"boardfenc",1
"bodysnatch",1
"boiler",1
"boister",1
"bolder",1
"bone",1
"bonnet",1
"booksx",1
"boot",1
"border",1
"borrow",1
"bosh",1
"botch",1
"bothersom",1
"bottleglass",1
"bough",1
"bounc",1
"bout",1
"bowel",1
"bowl",1
"bowlder",1
"bowx",1
"boydonxt",1
"boyhood",1
"boyhoodx",1
"boyish",1
"boylik",1
"boypummel",1
"boysbetterxn",1
"boysconsid",1
"boysgirlsx",1
"brag",1
"brain",1
"brainrack",1
"branchx",1
"brandnew",1
"breakfastroom",1
"breakfastx",1
"breezi",1
"brickx",1
"bridg",1
"brighten",1
"brightest",1
"brilliant",1
"brimston",1
"british",1
"broadcast",1
"broom",1
"brotherx",1
"bruis",1
"buck",1
"bud",1
"bulki",1
"bullet",1
"bulletinboard",1
"bullier",1
"bulliest",1
"bullx",1
"bullyrag",1
"bureau",1
"burglar",1
"bushel",1
"bushesturn",1
"bushesx",1
"bushi",1
"businesslik",1
"businesspglaforg",1
"bustedx",1
"bustl",1
"butterfli",1
"buttonhol",1
"bxlong",1
"bygon",1
"bystand",1
"caesarx",1
"caitiff",1
"calledpersecut",1
"camelx",1
"camplif",1
"cancer",1
"candlelight",1
"candlesmokex",1
"candlewick",1
"canehead",1
"canxtxd",1
"capabl",1
"capit",1
"carcas",1
"card",1
"caress",1
"caresx",1
"cargo",1
"caricatur",1
"carpet",1
"carpetingadmiss",1
"carriag",1
"carryingx",1
"carryx",1
"cash",1
"casual",1
"catbird",1
"caterwaul",1
"catfishprovis",1
"cathedralx",1
"catsx",1
"cavef",1
"caveprotect",1
"cavernx",1
"cavetot",1
"cavewond",1
"caxm",1
"ceil",1
"cell",1
"cellardoor",1
"cemeteri",1
"centuri",1
"ceremoni",1
"certainx",1
"certifi",1
"chafe",1
"chain",1
"challeng",1
"chancecomex",1
"chancesx",1
"chancex",1
"channel",1
"characterist",1
"charili",1
"charit",1
"charmwitch",1
"charmx",1
"charter",1
"chaw",1
"chchowwow",1
"cheapen",1
"cheeri",1
"chewinggumx",1
"chickenheartx",1
"chiefest",1
"childrenx",1
"chillier",1
"chime",1
"chink",1
"chop",1
"chorus",1
"chosen",1
"chow",1
"chowchchowchowx",1
"chowowow",1
"chowx",1
"christ",1
"chronic",1
"chronicl",1
"chuckl",1
"churchx",1
"cigarsx",1
"cipher",1
"circul",1
"circumfer",1
"circumstanti",1
"circusx",1
"citifi",1
"clammi",1
"clamp",1
"clandestin",1
"clatter",1
"clayx",1
"cleancut",1
"cleanli",1
"clearer",1
"clergyman",1
"clergymanx",1
"clew",1
"clewx",1
"client",1
"clientx",1
"cling",1
"clip",1
"clocktick",1
"closebutton",1
"closest",1
"clothesshirt",1
"clotheswithout",1
"cloudrack",1
"coal",1
"coast",1
"coattail",1
"coax",1
"cob",1
"cobweb",1
"cock",1
"code",1
"coil",1
"colicki",1
"coloss",1
"columbus",1
"column",1
"comedidnxt",1
"comesx",1
"comet",1
"comfortxd",1
"comingx",1
"commenc",1
"commenceslost",1
"commerci",1
"committe",1
"commonx",1
"compact",1
"companionless",1
"companionship",1
"companionx",1
"compassioninspir",1
"compel",1
"compil",1
"complimentari",1
"con",1
"conceal",1
"conced",1
"conceit",1
"concertthough",1
"condescend",1
"confidenti",1
"confidentx",1
"conflict",1
"confound",1
"congratul",1
"congress",1
"conjectur",1
"connect",1
"conqueror",1
"consciencefre",1
"consciencesmitten",1
"consequenti",1
"consol",1
"consound",1
"conspir",1
"constabl",1
"constern",1
"constitut",1
"constrain",1
"constru",1
"construct",1
"contemptu",1
"contract",1
"contrastedx",1
"control",1
"convalesc",1
"convert",1
"convey",1
"convict",1
"convinc",1
"convuls",1
"cooler",1
"coolli",1
"coonvill",1
"coosax",1
"copper",1
"cordial",1
"core",1
"corkscrew",1
"corncob",1
"coron",1
"corpor",1
"corrupt",1
"cosili",1
"cottag",1
"couldnxtx",1
"counsellor",1
"counten",1
"counterirrit",1
"countersignx",1
"courag",1
"courseold",1
"coursexd",1
"courtmuff",1
"courtship",1
"cousin",1
"cow",1
"cowhid",1
"cowstabl",1
"craggi",1
"cramp",1
"cravat",1
"crave",1
"craze",1
"credibl",1
"credul",1
"crescent",1
"crestfallen",1
"cretur",1
"cricket",1
"crimerust",1
"crisp",1
"criticis",1
"crook",1
"crooked",1
"crossbon",1
"crossexamin",1
"crossquest",1
"crossroad",1
"crossstreet",1
"crucifi",1
"crumbl",1
"crusad",1
"crust",1
"cryingmain",1
"crystal",1
"crystalx",1
"cuf",1
"cuff",1
"culmin",1
"culpritx",1
"culturex",1
"cun",1
"cupboard",1
"cureal",1
"curtsi",1
"customarili",1
"cutlass",1
"cuz",1
"dad",1
"daggerhilt",1
"daintili",1
"damp",1
"dampen",1
"damper",1
"dander",1
"dangerousx",1
"daniel",1
"daresay",1
"darkcomplexion",1
"darknessfound",1
"darl",1
"dasxt",1
"data",1
"datx",1
"daub",1
"daughter",1
"dauntless",1
"dayaccord",1
"daydawn",1
"daydead",1
"daymayb",1
"dayschool",1
"daysx",1
"daytimeanybodi",1
"deaddonxt",1
"deadwood",1
"deadx",1
"dealt",1
"dearest",1
"deathb",1
"deathdamp",1
"deathwatch",1
"debri",1
"decad",1
"decant",1
"decemb",1
"decis",1
"deck",1
"deckx",1
"declaim",1
"declamatori",1
"decre",1
"deduct",1
"deem",1
"deepest",1
"deepton",1
"deepx",1
"defeat",1
"deft",1
"deject",1
"delect",1
"delet",1
"delirium",1
"deliveri",1
"demor",1
"den",1
"dental",1
"dentistri",1
"denx",1
"depos",1
"deposit",1
"derrick",1
"descent",1
"deserv",1
"despis",1
"despit",1
"despot",1
"dessertspoon",1
"detach",1
"devilfir",1
"devilscauti",1
"devis",1
"devour",1
"dewdrop",1
"diamondssearch",1
"diari",1
"dicken",1
"didnxtx",1
"diedaway",1
"diet",1
"diex",1
"difficult",1
"diffid",1
"diggingx",1
"dignitari",1
"dilapid",1
"dilemma",1
"dilemmatomx",1
"dilut",1
"din",1
"diningroom",1
"dinnerx",1
"diplomaci",1
"director",1
"dirti",1
"dis",1
"disagr",1
"disagre",1
"disast",1
"discard",1
"disconcert",1
"discontinu",1
"discord",1
"discover",1
"discreet",1
"disdain",1
"disgrac",1
"disgracex",1
"disk",1
"dismalest",1
"dismay",1
"dismemb",1
"dispatch",1
"dispos",1
"dissatisfact",1
"dissect",1
"dissent",1
"distort",1
"distributor",1
"diverg",1
"divers",1
"dizzi",1
"dobbinsx",1
"doctorx",1
"dogcollar",1
"doglik",1
"dogxd",1
"dollarx",1
"domini",1
"donopeep",1
"donor",1
"donox",1
"donx",1
"donxtthey",1
"donxtxd",1
"doorkey",1
"doorknob",1
"doorxx",1
"dore",1
"dose",1
"doth",1
"dotx",1
"doublet",1
"doughnut",1
"douglass",1
"douglasxx",1
"downheart",1
"download",1
"downstair",1
"downstream",1
"dox",1
"drawingroom",1
"drawingroomx",1
"drawx",1
"dreambecki",1
"dreamili",1
"drearier",1
"drearili",1
"drone",1
"drummer",1
"drunkard",1
"drunkx",1
"dub",1
"duck",1
"duli",1
"duller",1
"dulli",1
"dumbx",1
"dupe",1
"duplic",1
"dutytom",1
"dyingx",1
"earliest",1
"earlyx",1
"earn",1
"earnestx",1
"earsplit",1
"earthx",1
"east",1
"eclat",1
"economi",1
"eden",1
"edif",1
"edific",1
"editor",1
"effectad",1
"effectu",1
"effemin",1
"eggsx",1
"egress",1
"ein",1
"elaps",1
"elast",1
"electr",1
"electrifi",1
"eleg",1
"element",1
"eleph",1
"elev",1
"eloquencecomposit",1
"eloquentx",1
"elsex",1
"elud",1
"elysian",1
"embattl",1
"embellish",1
"embroid",1
"emin",1
"emphasi",1
"empir",1
"enchant",1
"encod",1
"endeth",1
"endow",1
"enemyx",1
"engin",1
"enginebel",1
"engrav",1
"enhanc",1
"ensconc",1
"ensur",1
"enthusiast",1
"equat",1
"eras",1
"erect",1
"errand",1
"error",1
"escapad",1
"escapetomx",1
"establish",1
"estat",1
"estim",1
"etcaccompani",1
"europ",1
"european",1
"evanesc",1
"everx",1
"exclus",1
"exit",1
"expans",1
"expeditiontroubl",1
"expend",1
"experiment",1
"exploit",1
"export",1
"extend",1
"exterior",1
"extract",1
"eyelid",1
"eyeshot",1
"facesgood",1
"faceti",1
"facex",1
"fag",1
"fainter",1
"fairbank",1
"fairi",1
"fairx",1
"fairylik",1
"fallx",1
"fame",1
"fancyx",1
"fantast",1
"faraway",1
"fare",1
"farewel",1
"farm",1
"farreach",1
"faster",1
"felic",1
"felicitycommiss",1
"fellerx",1
"femal",1
"fenceright",1
"ferri",1
"fertil",1
"fickl",1
"fillip",1
"film",1
"financi",1
"fineri",1
"finnquick",1
"firearm",1
"firstx",1
"fisher",1
"fishhook",1
"fishhookx",1
"fishingpol",1
"fishinx",1
"fitten",1
"fixlet",1
"fixx",1
"flaki",1
"flatboat",1
"flatter",1
"flatteri",1
"flatx",1
"flavor",1
"flaw",1
"flay",1
"fleshcolor",1
"flighti",1
"flinch",1
"flinder",1
"flindersx",1
"fling",1
"flirt",1
"floorless",1
"flounder",1
"flourish",1
"floweri",1
"flows",1
"flowxri",1
"fluctuat",1
"fluster",1
"flyingjib",1
"foam",1
"foe",1
"foex",1
"folk",1
"folksx",1
"folli",1
"foodx",1
"foolhardi",1
"foolinx",1
"foolishest",1
"footpasseng",1
"footprint",1
"forbear",1
"forbidden",1
"fore",1
"forefing",1
"forehead",1
"foreign",1
"forenoon",1
"forepaw",1
"foreshadow",1
"forestal",1
"forevergon",1
"forewarn",1
"forgav",1
"fork",1
"former",1
"formx",1
"forsaken",1
"forthstep",1
"fortyfoot",1
"fought",1
"foundationbeam",1
"foundri",1
"fourhors",1
"fowl",1
"fragranc",1
"fragrant",1
"frail",1
"franklin",1
"frazer",1
"freckl",1
"freedom",1
"freshcrown",1
"freshwat",1
"friar",1
"friedegg",1
"friendsmuff",1
"frisk",1
"fro",1
"frog",1
"frolick",1
"frontispiec",1
"frost",1
"frostwork",1
"fruit",1
"fruitless",1
"fryingpan",1
"fugit",1
"ful",1
"fulfil",1
"fullgrown",1
"function",1
"funnelshap",1
"funni",1
"funnyx",1
"funx",1
"furder",1
"furi",1
"furnac",1
"fuss",1
"futil",1
"gabl",1
"gag",1
"gaili",1
"gait",1
"gall",1
"gallant",1
"galx",1
"gantlet",1
"gap",1
"gaudier",1
"gaugecock",1
"gawki",1
"gayeti",1
"gbnewbypglaforg",1
"gem",1
"generaltriumph",1
"generosityaunt",1
"genius",1
"gentlysnor",1
"genuwynex",1
"genxal",1
"gesticul",1
"getx",1
"ghostsx",1
"ghostsxan",1
"ghostx",1
"giant",1
"gift",1
"giggl",1
"gilead",1
"gird",1
"girlsplaym",1
"girlxr",1
"giveth",1
"glint",1
"gloomybrow",1
"glower",1
"gnaw",1
"goate",1
"godx",1
"godxll",1
"goggl",1
"goldbitt",1
"goliahx",1
"gonex",1
"goodby",1
"goodheart",1
"goodhearted",1
"goodi",1
"goodlick",1
"goodmorn",1
"goos",1
"gospel",1
"gossip",1
"gox",1
"graci",1
"gracious",1
"grain",1
"grandmoth",1
"grandmothersx",1
"granni",1
"grapesx",1
"grappl",1
"grasp",1
"grassblad",1
"graven",1
"graverobberi",1
"gravest",1
"greas",1
"greasesoil",1
"greenwood",1
"gregori",1
"grievous",1
"grit",1
"gross",1
"grotesqu",1
"growl",1
"grownup",1
"grub",1
"guest",1
"guidanc",1
"guilt",1
"guilti",1
"guiltiest",1
"guisborn",1
"guisbornex",1
"gunwal",1
"gutenbergtmx",1
"guy",1
"gwine",1
"gymnast",1
"had",1
"hailstorm",1
"hairtrigg",1
"halfbroth",1
"halfclad",1
"halfcur",1
"halfform",1
"halfx",1
"hamlet",1
"hamper",1
"handbarrow",1
"handbreadth",1
"handspr",1
"handsx",1
"handsyournxl",1
"handx",1
"hangingxl",1
"hapless",1
"happenedx",1
"happili",1
"harbison",1
"hardest",1
"hardfought",1
"hardheart",1
"hardoh",1
"harmless",1
"harmx",1
"harperhardey",1
"harsh",1
"hartford",1
"harvest",1
"has",1
"hasnxt",1
"hastili",1
"hatchet",1
"hatefulx",1
"hath",1
"hatx",1
"haul",1
"haunch",1
"havoc",1
"hay",1
"hayloft",1
"headlin",1
"headsminex",1
"headway",1
"headx",1
"healthjourn",1
"hears",1
"hearthston",1
"heartier",1
"heartiesx",1
"heartili",1
"heartsink",1
"heathen",1
"heavenward",1
"heavier",1
"heed",1
"heedless",1
"henc",1
"heroday",1
"heroic",1
"heroxaxaxaxa",1
"herx",1
"hexd",1
"heyx",1
"hickori",1
"hideseek",1
"hidx",1
"highback",1
"highroad",1
"highton",1
"hilar",1
"hilari",1
"hillomin",1
"hillsid",1
"hilt",1
"hiltx",1
"himnev",1
"historyx",1
"hitch",1
"hive",1
"hodg",1
"hoh",1
"hoist",1
"hokey",1
"holex",1
"holi",1
"holler",1
"hollowx",1
"holt",1
"homag",1
"honestx",1
"hoop",1
"hooper",1
"hoopstickx",1
"hopex",1
"hopskipjumpproof",1
"hopx",1
"horizon",1
"horn",1
"horrid",1
"horridx",1
"horrorpursuit",1
"horsemen",1
"horsepistol",1
"horsewhip",1
"horsewhippedhorsewhip",1
"hossx",1
"host",1
"hostil",1
"hound",1
"hourglass",1
"housesleepi",1
"housesx",1
"httpgutenbergnetlicens",1
"httppglaforgdon",1
"httppglaforgfundrais",1
"httpwwwpglaforg",1
"hubbub",1
"huckjust",1
"huckleav",1
"huckmayb",1
"huckmr",1
"hucknew",1
"hucksometim",1
"huckxll",1
"huckyx",1
"huddl",1
"huff",1
"humanx",1
"humbl",1
"humpback",1
"hungrier",1
"hungryx",1
"hurrah",1
"hurrican",1
"hurricanedeck",1
"hurtanyway",1
"hypertext",1
"hyxroglyphicsx",1
"icecream",1
"icehous",1
"ici",1
"ideanam",1
"ideax",1
"identif",1
"identifi",1
"idiot",1
"idler",1
"idol",1
"illbr",1
"imag",1
"imbitt",1
"immort",1
"immun",1
"impair",1
"impart",1
"imperfect",1
"imperish",1
"impudencex",1
"inaccur",1
"inarticul",1
"incident",1
"incom",1
"incomplet",1
"inconceiv",1
"incongru",1
"inconsist",1
"incorrupt",1
"incrust",1
"indecis",1
"indemn",1
"indemnifi",1
"independ",1
"indestruct",1
"indiarubb",1
"indigest",1
"indulg",1
"inestim",1
"inevit",1
"infal",1
"infatu",1
"infest",1
"inflat",1
"infring",1
"ingeni",1
"ingenu",1
"ingredi",1
"inhabit",1
"inhal",1
"initiationx",1
"injunm",1
"injuryxand",1
"inmat",1
"innumer",1
"inqueststat",1
"inquiri",1
"insectx",1
"insecur",1
"insens",1
"insert",1
"insincer",1
"insipid",1
"instinct",1
"instrument",1
"insuffer",1
"intang",1
"intellig",1
"interlard",1
"interpret",1
"interven",1
"intrepid",1
"intric",1
"introducedinjun",1
"inund",1
"invari",1
"invent",1
"investig",1
"investigatedwond",1
"invis",1
"irksom",1
"irongray",1
"irresist",1
"irresolut",1
"irrespons",1
"islandx",1
"itch",1
"ixll",1
"jackboot",1
"jailwindow",1
"jamx",1
"jay",1
"jealous",1
"jealousblack",1
"jeffx",1
"jerk",1
"jet",1
"jewsharp",1
"jiffi",1
"jimmi",1
"jingl",1
"jingoesx",1
"jingsx",1
"jist",1
"jobaid",1
"joealway",1
"joehonest",1
"joehuck",1
"joexscam",1
"jog",1
"joggl",1
"jonesx",1
"jose",1
"journey",1
"joyx",1
"judgealtogeth",1
"judgex",1
"jug",1
"jugx",1
"juli",1
"junction",1
"junctur",1
"june",1
"juri",1
"juryx",1
"keel",1
"kepx",1
"keysx",1
"kid",1
"kin",1
"kindl",1
"kingdom",1
"kitchenx",1
"kitten",1
"knack",1
"kneel",1
"kneesstir",1
"knifex",1
"knifexaxaxaxa",1
"knot",1
"knothol",1
"knowleav",1
"knowledg",1
"knownx",1
"knuckl",1
"lace",1
"lacer",1
"laden",1
"ladx",1
"lag",1
"laggard",1
"lamb",1
"lambx",1
"lame",1
"lanc",1
"landslid",1
"langhorn",1
"languid",1
"larger",1
"latelynev",1
"latin",1
"laud",1
"laudat",1
"lawless",1
"lawn",1
"lawnclad",1
"lawyerx",1
"layer",1
"layin",1
"leaden",1
"leadx",1
"leak",1
"leaki",1
"leap",1
"learnt",1
"learnx",1
"leavewhos",1
"lectur",1
"ledg",1
"leftx",1
"legitim",1
"lengthi",1
"lent",1
"lest",1
"lethargi",1
"level",1
"lexington",1
"liabl",1
"liarx",1
"liberti",1
"librarian",1
"lickrish",1
"lid",1
"lidless",1
"liedonxt",1
"lifeless",1
"lighten",1
"lightest",1
"lightheart",1
"lightningx",1
"likeaw",1
"likelik",1
"likelyblam",1
"likex",1
"limitless",1
"limpid",1
"linex",1
"lioniz",1
"lipsx",1
"lisp",1
"liter",1
"litter",1
"littlexd",1
"livepleas",1
"loaf",1
"loath",1
"loav",1
"locusttre",1
"loft",1
"loin",1
"lonesomest",1
"lonesomex",1
"longdelay",1
"longerx",1
"longhandl",1
"longingsx",1
"longpromis",1
"longsuff",1
"longtail",1
"longtom",1
"looki",1
"lookingglass",1
"lookmayb",1
"lookxdidnxt",1
"lookyherex",1
"loop",1
"lop",1
"lotleast",1
"loveli",1
"lovex",1
"lucid",1
"lucif",1
"luckili",1
"luckless",1
"lull",1
"lunch",1
"luncheon",1
"lurk",1
"lynch",1
"madam",1
"madden",1
"magic",1
"magnanim",1
"magnifi",1
"maidenx",1
"maidservantx",1
"maintain",1
"maintogalansxl",1
"mainx",1
"mamma",1
"mammax",1
"mannersx",1
"mannow",1
"manufactur",1
"manxsx",1
"manyx",1
"maowx",1
"map",1
"marriag",1
"marsh",1
"martyrx",1
"mask",1
"massacr",1
"massiv",1
"matchless",1
"matron",1
"matterx",1
"max",1
"maximum",1
"meagr",1
"meanest",1
"meanlook",1
"meantxoh",1
"meanwhil",1
"medal",1
"meddl",1
"medicinex",1
"meed",1
"meetingplac",1
"melan",1
"melodi",1
"melt",1
"menageri",1
"menendez",1
"menpretti",1
"meowx",1
"merchant",1
"merciless",1
"mercuri",1
"mesmer",1
"messag",1
"messeng",1
"metaphor",1
"mew",1
"midchannel",1
"midstream",1
"mien",1
"mightcuf",1
"militari",1
"millennium",1
"millionth",1
"milum",1
"mindx",1
"ministerx",1
"minstrel",1
"miscarri",1
"miscreant",1
"misplac",1
"missil",1
"missisx",1
"mob",1
"moccasin",1
"mock",1
"mocker",1
"mode",1
"moder",1
"modern",1
"modest",1
"modesti",1
"modif",1
"moieti",1
"momentarili",1
"momenteloqu",1
"momentjust",1
"monarch",1
"monarchi",1
"moneybox",1
"moneyxsx",1
"monster",1
"mont",1
"moonlit",1
"moonx",1
"moros",1
"morrowx",1
"morsel",1
"mortal",1
"mortar",1
"mortifi",1
"mortifiedx",1
"mosaic",1
"mossi",1
"motherless",1
"motion",1
"motionless",1
"motto",1
"mould",1
"mournbless",1
"mous",1
"mouthx",1
"muck",1
"mud",1
"muddi",1
"muddl",1
"mufferson",1
"mulatto",1
"multitud",1
"munch",1
"murderinx",1
"murrelx",1
"muslin",1
"muster",1
"mutin",1
"mutini",1
"namesx",1
"nanc",1
"nap",1
"napkin",1
"natti",1
"naturehurri",1
"naturex",1
"necess",1
"necessarili",1
"needi",1
"negat",1
"neglig",1
"nettl",1
"network",1
"newbi",1
"newsjudg",1
"newslett",1
"newspap",1
"nextdayx",1
"niagara",1
"nicemak",1
"nicex",1
"nightdreampt",1
"nightjust",1
"nightmar",1
"nighton",1
"nimbl",1
"nobbi",1
"nobil",1
"nobilityduk",1
"nobler",1
"noblest",1
"noblex",1
"non",1
"noncommitt",1
"nonparticip",1
"nonpresbyterian",1
"nonproprietari",1
"nonsens",1
"noonday",1
"northern",1
"noteworthi",1
"nothing",1
"nothingw",1
"noticingx",1
"notifi",1
"nottingham",1
"novel",1
"novic",1
"nowaday",1
"nowlemm",1
"nowlet",1
"nowmayb",1
"nowmorrowx",1
"noworigin",1
"nuisanc",1
"numskul",1
"nun",1
"nurs",1
"nutsx",1
"oaken",1
"oathterror",1
"oatmeal",1
"obedi",1
"obleeg",1
"obliter",1
"oblivion",1
"observersx",1
"obsolet",1
"obstruct",1
"obtrud",1
"occurredtel",1
"ocean",1
"odious",1
"odor",1
"offenc",1
"oil",1
"omin",1
"omnisci",1
"onehors",1
"oneleg",1
"onepleas",1
"onslaught",1
"openx",1
"oppos",1
"opposit",1
"opul",1
"orangepeel",1
"orat",1
"orbit",1
"ordeal",1
"organ",1
"orient",1
"orneri",1
"orter",1
"ostent",1
"ouch",1
"oughtnxt",1
"out",1
"outburst",1
"outcri",1
"outdat",1
"outer",1
"outfit",1
"outlin",1
"outrageousnessx",1
"outsidewithin",1
"outspoken",1
"outward",1
"outweigh",1
"outwit",1
"overboard",1
"overcom",1
"overhang",1
"overheard",1
"overshadowedtom",1
"oxerful",1
"paddl",1
"pagex",1
"painkillerx",1
"palac",1
"paler",1
"pallet",1
"pallid",1
"palpabl",1
"palsi",1
"pan",1
"pantalett",1
"pantaloon",1
"paperwork",1
"parad",1
"parcel",1
"pard",1
"pardon",1
"pardonpetit",1
"pardx",1
"parentag",1
"pariah",1
"parson",1
"partial",1
"particxlar",1
"passeng",1
"passengercoach",1
"passx",1
"pat",1
"patchey",1
"pate",1
"patent",1
"pathless",1
"patienc",1
"patter",1
"patternrestless",1
"paw",1
"pax",1
"peach",1
"pen",1
"pencil",1
"pent",1
"peoplex",1
"pepper",1
"perceiv",1
"perch",1
"perenni",1
"persecut",1
"personag",1
"perspir",1
"perxapsx",1
"petersx",1
"peterx",1
"petitionerx",1
"petrifi",1
"pettish",1
"pewback",1
"pewter",1
"pglaf",1
"philosoph",1
"phrenolog",1
"phrenologist",1
"physician",1
"picnichuck",1
"picnick",1
"picturebook",1
"picturesqu",1
"pill",1
"pinch",1
"pinchbugx",1
"pink",1
"pinx",1
"pious",1
"piratesgo",1
"pistolshot",1
"pitch",1
"pitfal",1
"pitiless",1
"planet",1
"plankx",1
"plaster",1
"plate",1
"playth",1
"playyard",1
"pleasantest",1
"pleasex",1
"pleax",1
"pliant",1
"plot",1
"plough",1
"plow",1
"pluck",1
"plug",1
"plume",1
"pocketsyet",1
"poem",1
"pointx",1
"polish",1
"pollywel",1
"ponder",1
"pone",1
"poodlex",1
"poorx",1
"pop",1
"popul",1
"pore",1
"poresx",1
"portent",1
"poss",1
"postmast",1
"postoffic",1
"pot",1
"potent",1
"potterxl",1
"poverti",1
"povertystricken",1
"powderkeg",1
"powwow",1
"prais",1
"prattl",1
"prayx",1
"preach",1
"preacher",1
"precari",1
"preced",1
"precipic",1
"precis",1
"predestin",1
"prefac",1
"pregnant",1
"prematur",1
"preposter",1
"presentedx",1
"prevail",1
"prey",1
"priceless",1
"principl",1
"prisonerx",1
"problem",1
"procur",1
"product",1
"profess",1
"professor",1
"programm",1
"prohibit",1
"promisingx",1
"prone",1
"proofread",1
"propheci",1
"prophesyingx",1
"proprietari",1
"proprietor",1
"prosi",1
"prosper",1
"prouder",1
"provisionbasket",1
"provok",1
"publish",1
"puf",1
"puff",1
"punit",1
"pur",1
"pure",1
"purloin",1
"purpl",1
"pxint",1
"pxison",1
"pxrap",1
"pyramid",1
"quail",1
"quakedpart",1
"quarterstaff",1
"queen",1
"quench",1
"quicken",1
"quickerxn",1
"quicksilv",1
"quicksometh",1
"quot",1
"rabbit",1
"race",1
"racer",1
"racket",1
"rafter",1
"raftsmen",1
"raftx",1
"raggedlook",1
"raggedx",1
"rail",1
"raindrop",1
"rainwat",1
"rapt",1
"raptur",1
"rascal",1
"rascalsxtwould",1
"rate",1
"rattlesnak",1
"raven",1
"ravish",1
"ray",1
"realism",1
"realiz",1
"realm",1
"rebuk",1
"recept",1
"reckonanyway",1
"reckondidnxt",1
"reckonhop",1
"reckonxl",1
"recoat",1
"recollectcanxt",1
"recommend",1
"reconcili",1
"reconnoiterslearn",1
"recount",1
"recur",1
"redden",1
"redfac",1
"redhot",1
"reenact",1
"refil",1
"refrain",1
"refuge",1
"refundx",1
"regul",1
"relic",1
"religionx",1
"relish",1
"remad",1
"rememberx",1
"remembr",1
"renam",1
"rend",1
"render",1
"repair",1
"repentancement",1
"repin",1
"reportshuck",1
"represent",1
"reprimand",1
"reproach",1
"reproachx",1
"reproof",1
"repuls",1
"resourc",1
"restiv",1
"restraint",1
"resumpt",1
"retali",1
"retch",1
"retold",1
"retribut",1
"returnthre",1
"rev",1
"revengex",1
"revenu",1
"reverber",1
"rewarddism",1
"ribbondeck",1
"richardx",1
"richx",1
"ride",1
"rightlyconstruct",1
"rightsx",1
"rightxll",1
"rind",1
"riot",1
"ripper",1
"ripx",1
"rival",1
"riverson",1
"robberi",1
"robbersxl",1
"rogers",1
"rogersx",1
"rollick",1
"rome",1
"romp",1
"roomx",1
"root",1
"rosetint",1
"rotx",1
"roughest",1
"roundtop",1
"rounx",1
"routin",1
"rover",1
"rubbish",1
"rubbishi",1
"ruddi",1
"ruffian",1
"ruffl",1
"ruinat",1
"ruinous",1
"rum",1
"rumbl",1
"rumpl",1
"runx",1
"rxyal",1
"sachem",1
"sadden",1
"saddl",1
"safest",1
"safeti",1
"sagac",1
"saidx",1
"sailor",1
"sailx",1
"saint",1
"sakex",1
"salt",1
"salvat",1
"sappi",1
"sarcasm",1
"sass",1
"satur",1
"saturdayx",1
"sauc",1
"saunter",1
"savag",1
"savageri",1
"sawbon",1
"sawyersirx",1
"sayainxt",1
"sayingx",1
"sayletx",1
"saylook",1
"saysx",1
"sayxll",1
"scamper",1
"scaredx",1
"scari",1
"scarifi",1
"scholarx",1
"schoolboy",1
"schoolgirl",1
"scoundrel",1
"scoundrelli",1
"scour",1
"scrambl",1
"scream",1
"scribbl",1
"scroll",1
"scrub",1
"searcherx",1
"searchingx",1
"seasx",1
"secondari",1
"secondsf",1
"secondsten",1
"secondstori",1
"secretmr",1
"sediment",1
"seed",1
"select",1
"selfexaminationdentistri",1
"selfish",1
"selfpossess",1
"selfsatisfact",1
"semicylind",1
"senat",1
"sensationhop",1
"sensationtom",1
"senseless",1
"sensibl",1
"sentri",1
"sepulchr",1
"serap",1
"serious",1
"servant",1
"settleddamn",1
"settlement",1
"seventeenth",1
"shack",1
"shadder",1
"shadi",1
"shadowless",1
"shallx",1
"sham",1
"shamefac",1
"shanti",1
"sharex",1
"sharper",1
"sharpli",1
"sharpx",1
"sheath",1
"sheav",1
"sheepx",1
"shelf",1
"sheriffget",1
"shet",1
"shimmer",1
"shini",1
"shipsmak",1
"shone",1
"shoot",1
"shorex",1
"shorn",1
"shortcom",1
"shorter",1
"shouldnxt",1
"shoutedxi",1
"shower",1
"showi",1
"shown",1
"shred",1
"shrill",1
"shroud",1
"shun",1
"shxt",1
"shxtx",1
"sicken",1
"siddi",1
"sidet",1
"sidewis",1
"sidl",1
"sidney",1
"sift",1
"signifi",1
"signx",1
"sill",1
"silverheyx",1
"silverx",1
"similar",1
"simper",1
"simplest",1
"simplic",1
"simultan",1
"sinai",1
"sincer",1
"sincex",1
"singer",1
"sinsx",1
"sinuous",1
"sisterx",1
"situationgrav",1
"situationreport",1
"sitx",1
"sitz",1
"sixpenc",1
"skeleton",1
"skiffload",1
"skillet",1
"skim",1
"skurri",1
"slack",1
"slant",1
"slatex",1
"slaughterhousex",1
"sleepiest",1
"sleepx",1
"sleighrunn",1
"slew",1
"slick",1
"slid",1
"slide",1
"slink",1
"slipper",1
"slosh",1
"slowdrag",1
"slowdrop",1
"slunk",1
"smartalway",1
"smarti",1
"smartyx",1
"smell",1
"smelt",1
"smokemark",1
"smokex",1
"smotheri",1
"smoulder",1
"smuggl",1
"snarl",1
"snifter",1
"snob",1
"snorer",1
"snow",1
"snowbank",1
"snowi",1
"snuggest",1
"soar",1
"sock",1
"soda",1
"sofa",1
"soften",1
"softi",1
"soil",1
"solitari",1
"solo",1
"solut",1
"sombrero",1
"some",1
"somewhereperhap",1
"somewheresx",1
"somxersx",1
"soonoh",1
"sorer",1
"sorrowx",1
"sorryx",1
"sourc",1
"southwestern",1
"sown",1
"sowx",1
"spangl",1
"spaniardx",1
"spasm",1
"spasmod",1
"spatter",1
"specif",1
"speckl",1
"spectat",1
"specx",1
"speechless",1
"speedili",1
"spellingbookx",1
"spend",1
"spider",1
"spill",1
"spilt",1
"spire",1
"spiritx",1
"spit",1
"splash",1
"splice",1
"splintbottom",1
"splutter",1
"spong",1
"spool",1
"spout",1
"spragu",1
"spree",1
"springboard",1
"springknif",1
"springlinexr",1
"sprung",1
"spumeflak",1
"sputter",1
"squarex",1
"squirm",1
"squirrel",1
"staff",1
"stage",1
"stagefright",1
"stagex",1
"staircas",1
"stale",1
"stalk",1
"stalwart",1
"standingcollar",1
"standstil",1
"stanza",1
"starboard",1
"stargem",1
"stark",1
"starlight",1
"startedstar",1
"startedx",1
"startx",1
"starv",1
"statex",1
"station",1
"staysx",1
"stayx",1
"steadyyyx",1
"steadyyyyx",1
"steamer",1
"steepl",1
"stem",1
"stiddi",1
"stiffen",1
"stiffjoint",1
"stifl",1
"sting",1
"stonyheart",1
"stoppedlook",1
"stopper",1
"stopx",1
"stormi",1
"stormx",1
"stout",1
"stove",1
"stovelid",1
"straiten",1
"stringx",1
"stripe",1
"stroll",1
"strongest",1
"structur",1
"strung",1
"studious",1
"stuffx",1
"stumpx",1
"stupend",1
"sturdili",1
"sublim",1
"substanc",1
"substanti",1
"substitut",1
"subterranean",1
"subtract",1
"succeedx",1
"succumb",1
"sud",1
"suffoc",1
"sugarbowl",1
"sulk",1
"sulli",1
"summerset",1
"sundaydress",1
"sundaysaccident",1
"sundayschoolsx",1
"sundayschoolx",1
"sunken",1
"sunlight",1
"sunni",1
"sunperch",1
"sunset",1
"suntan",1
"sunx",1
"superabund",1
"superb",1
"superintendentxshow",1
"superior",1
"supervis",1
"suppert",1
"suppertim",1
"supplic",1
"supposex",1
"suppress",1
"supxrintendentsx",1
"surerx",1
"surest",1
"surexnough",1
"surviv",1
"suspendedwait",1
"suspens",1
"suspiciousx",1
"swab",1
"swagger",1
"swagx",1
"swamp",1
"swarthi",1
"swearingx",1
"sweeten",1
"sweetx",1
"swimmer",1
"swimmingdernxd",1
"swimmingplac",1
"switchx",1
"swoon",1
"swung",1
"sxhxt",1
"symmetr",1
"synonym",1
"tadpol",1
"taint",1
"talent",1
"talesx",1
"talkat",1
"talkingx",1
"tallapoosax",1
"tallasseex",1
"talli",1
"tame",1
"tamper",1
"tan",1
"tanneri",1
"tap",1
"tar",1
"tarfeath",1
"tarnish",1
"tarri",1
"tavernkeep",1
"tavernkeeperx",1
"tawx",1
"taylorx",1
"teacherx",1
"tellingalwaysx",1
"telltal",1
"tempestu",1
"temporari",1
"temporarili",1
"temptationsstrateg",1
"tenantless",1
"tendenc",1
"tenpin",1
"tens",1
"tentx",1
"territori",1
"terrorxdid",1
"testament",1
"testimoni",1
"tete",1
"thankfullest",1
"thankfulx",1
"thanksgiv",1
"theatric",1
"their",1
"theme",1
"then",1
"thenc",1
"thereof",1
"they",1
"thickhead",1
"thingdrunk",1
"thingnam",1
"thingspoor",1
"thingsspeci",1
"thingsx",1
"thinskin",1
"thirtyf",1
"thishyer",1
"thomasdonxt",1
"thomasx",1
"thoughnothingx",1
"threefourf",1
"threefourth",1
"threemil",1
"thrill",1
"throb",1
"through",1
"throughout",1
"throx",1
"thumb",1
"thunderblast",1
"thunderp",1
"thunderstorm",1
"thwart",1
"tide",1
"til",1
"tilt",1
"timber",1
"timejust",1
"timeslot",1
"timesx",1
"timetak",1
"tinkl",1
"tint",1
"tiresom",1
"titlepageprofessor",1
"toback",1
"toilet",1
"toll",1
"tollabl",1
"tomato",1
"tomaunt",1
"tombston",1
"tomgo",1
"tomleast",1
"tomnobodi",1
"tomnow",1
"tomoh",1
"tomtak",1
"ton",1
"tongueti",1
"tonightx",1
"toothx",1
"toppl",1
"topsxl",1
"tote",1
"totter",1
"townward",1
"trace",1
"trackless",1
"tract",1
"trademarkcopyright",1
"tradex",1
"tragic",1
"train",1
"traitor",1
"tranc",1
"transcend",1
"transcrib",1
"transcript",1
"transfix",1
"transform",1
"transmit",1
"transpar",1
"transpir",1
"trash",1
"treacheri",1
"treadmil",1
"treasurebox",1
"treasuredead",1
"treasurex",1
"treati",1
"treesdead",1
"treex",1
"tremor",1
"trill",1
"trinket",1
"triplelock",1
"triumphant",1
"trophi",1
"trounc",1
"troy",1
"truce",1
"truckx",1
"trueblu",1
"truex",1
"trunk",1
"tryingx",1
"tryx",1
"tuck",1
"tumblebug",1
"tunnel",1
"turf",1
"turmoil",1
"turner",1
"turtl",1
"twentyf",1
"twentythre",1
"twine",1
"twitch",1
"twohuck",1
"twothird",1
"twoy",1
"txotherx",1
"txt",1
"type",1
"tyranni",1
"ultim",1
"unabl",1
"unaccount",1
"unadorn",1
"unalloy",1
"unawar",1
"unbar",1
"unbear",1
"unbroken",1
"unbutton",1
"uncertain",1
"uncomb",1
"uncommit",1
"uncushion",1
"under",1
"underbrush",1
"undergo",1
"undergrowth",1
"undisturb",1
"undo",1
"undream",1
"unenforc",1
"unexplor",1
"unfair",1
"unfeel",1
"unflag",1
"unfortun",1
"unfrequ",1
"unfurl",1
"ungrasp",1
"unhealthi",1
"unholi",1
"unimagin",1
"uninhabit",1
"uninstruct",1
"uninterest",1
"unirrig",1
"unkind",1
"unknow",1
"unlink",1
"unobtrus",1
"unpalat",1
"unpeopl",1
"unperceivedunsought",1
"unpirat",1
"unplast",1
"unpleas",1
"unpromis",1
"unquench",1
"unreason",1
"unrest",1
"unromant",1
"unsaid",1
"unsatisfi",1
"unseal",1
"unselfish",1
"unshaken",1
"unsolicit",1
"unsteadi",1
"unsympathet",1
"unti",1
"untim",1
"unto",1
"unus",1
"unutter",1
"unwelcom",1
"unwhitewash",1
"unwind",1
"unworthi",1
"upbraid",1
"uplift",1
"upstairsx",1
"upstreet",1
"urchin",1
"urg",1
"urgedhuck",1
"usag",1
"usedsuppos",1
"usextwa",1
"uspreach",1
"usualx",1
"utf",1
"vacanc",1
"vacationx",1
"vagabond",1
"vale",1
"valuabl",1
"valueamong",1
"vampir",1
"varnish",1
"veget",1
"vehicl",1
"vein",1
"velvet",1
"vener",1
"veng",1
"vent",1
"ventil",1
"verdigreas",1
"verdigreasex",1
"versesx",1
"version",1
"vex",1
"vibrat",1
"vice",1
"viewx",1
"violat",1
"virgin",1
"virtuous",1
"virus",1
"vittl",1
"vivac",1
"vogu",1
"voiceinjun",1
"voicex",1
"voluntarili",1
"voluptu",1
"votari",1
"voyag",1
"wad",1
"wage",1
"waif",1
"waist",1
"waitx",1
"wakex",1
"walkx",1
"waller",1
"walnut",1
"wantx",1
"warbl",1
"ward",1
"wareh",1
"wari",1
"warpath",1
"wartiest",1
"wartsx",1
"wartx",1
"warworn",1
"washingtonx",1
"washx",1
"watchdog",1
"watchx",1
"waterwork",1
"waterx",1
"waydonxt",1
"wayhavenxt",1
"waylaid",1
"waylay",1
"waynow",1
"waysx",1
"weakl",1
"wealthier",1
"wearili",1
"wearisom",1
"weatherbeaten",1
"weatherboard",1
"webster",1
"webwork",1
"wed",1
"wedg",1
"weedgrown",1
"weekx",1
"weighti",1
"welcomex",1
"weld",1
"wellgnaw",1
"wellsometh",1
"wellwel",1
"wellx",1
"welter",1
"wentcam",1
"wentx",1
"wept",1
"westx",1
"wetx",1
"whatx",1
"wheat",1
"wheatx",1
"wherein",1
"whereupon",1
"wherx",1
"whet",1
"whichev",1
"whiff",1
"whippoorwil",1
"whit",1
"whiten",1
"whitewashingpaid",1
"whitewashinxx",1
"whither",1
"whithersoev",1
"whizz",1
"wickedx",1
"wid",1
"widderxsx",1
"widen",1
"widowxsx",1
"wilder",1
"wildey",1
"wildwood",1
"wili",1
"willi",1
"winc",1
"wisdom",1
"wisehead",1
"witchx",1
"with",1
"withdraw",1
"wither",1
"withheld",1
"woestricken",1
"womenxr",1
"wonderx",1
"wont",1
"wonxtde",1
"woo",1
"woodbox",1
"woodsx",1
"woodyard",1
"woolli",1
"wordsx",1
"workwouldnxt",1
"wormeaten",1
"worsex",1
"worsexn",1
"wouldnxtx",1
"wreath",1
"wretch",1
"writer",1
"writh",1
"wrongx",1
"wrung",1
"xaand",1
"xabout",1
"xafeard",1
"xafternoonx",1
"xagre",1
"xaha",1
"xai",1
"xainxt",1
"xalabama",1
"xamenx",1
"xami",1
"xanswer",1
"xanyway",1
"xare",1
"xaroundx",1
"xasx",1
"xawtak",1
"xbarleycorn",1
"xbeauteousx",1
"xbecausex",1
"xbeckyx",1
"xbeckyxplead",1
"xbecuz",1
"xbehind",1
"xben",1
"xbend",1
"xbenjamin",1
"xbitx",1
"xbless",1
"xbloodx",1
"xbother",1
"xboy",1
"xbreathedx",1
"xbrother",1
"xbull",1
"xcall",1
"xcan",1
"xcanx",1
"xcanxtx",1
"xcast",1
"xcatch",1
"xcave",1
"xcertain",1
"xcertainlyx",1
"xcertxnlyanybodyxl",1
"xchewedx",1
"xclewx",1
"xconsound",1
"xcould",1
"xcours",1
"xcracki",1
"xdad",1
"xdamn",1
"xdare",1
"xdark",1
"xdavid",1
"xdeaf",1
"xdefectsx",1
"xdern",1
"xdernxd",1
"xdevil",1
"xdidnxt",1
"xdoe",1
"xdoodlebug",1
"xdown",1
"xdownx",1
"xdriftx",1
"xdumpsx",1
"xdyingx",1
"xearnest",1
"xeloquentx",1
"xemrot",1
"xemscatt",1
"xemy",1
"xer",1
"xeverybodyx",1
"xexplainedx",1
"xexpressionx",1
"xfall",1
"xfeelersx",1
"xfeelerx",1
"xfilial",1
"xfine",1
"xfire",1
"xfive",1
"xfoller",1
"xform",1
"xfound",1
"xfoxx",1
"xfraid",1
"xfriendshipx",1
"xgoodi",1
"xgoodmorn",1
"xgoodx",1
"xgraci",1
"xgullykeeperx",1
"xguy",1
"xhadnxt",1
"xhalfrotten",1
"xhang",1
"xharbisonx",1
"xharkx",1
"xhauntedx",1
"xhealthx",1
"xheap",1
"xheart",1
"xhell",1
"xhellox",1
"xhellumleehard",1
"xhewel",1
"xhexll",1
"xhey",1
"xhispyx",1
"xhistx",1
"xhiyi",1
"xhookedx",1
"xhookingx",1
"xhop",1
"xhour",1
"xhowx",1
"xhowxll",1
"xhuckx",1
"xhundredsx",1
"xhurri",1
"xhush",1
"xhyrox",1
"xhyxroglyphicspictur",1
"xilovex",1
"xinde",1
"xindifferencex",1
"xinfern",1
"xinform",1
"xinterestingx",1
"xiwel",1
"xjeff",1
"xjimpsonx",1
"xjoseph",1
"xkeepsx",1
"xkill",1
"xknewx",1
"xknownx",1
"xknucksx",1
"xladybug",1
"xlast",1
"xlayx",1
"xled",1
"xletx",1
"xlifex",1
"xliquor",1
"xlistendonxt",1
"xllx",1
"xlongsid",1
"xlongx",1
"xlordyx",1
"xluff",1
"xmade",1
"xmake",1
"xman",1
"xmanag",1
"xmari",1
"xmarriedx",1
"xmaynxt",1
"xmelancholyx",1
"xmemori",1
"xmeowxdx",1
"xmerci",1
"xmf",1
"xmight",1
"xmightx",1
"xmilitaryx",1
"xmilksopx",1
"xmoney",1
"xmorex",1
"xmostx",1
"xmph",1
"xmr",1
"xmuchmuchmuch",1
"xmx",1
"xnear",1
"xneither",1
"xnewsx",1
"xnext",1
"xnobodi",1
"xnonev",1
"xnonumb",1
"xnothingx",1
"xnoticesx",1
"xnoxmwel",1
"xnoxmx",1
"xnoxtainxt",1
"xohxcours",1
"xold",1
"xone",1
"xonex",1
"xother",1
"xouchx",1
"xox",1
"xpard",1
"xpeopl",1
"xpiec",1
"xpinchbugx",1
"xpoemx",1
"xpoint",1
"xpointx",1
"xpon",1
"xponex",1
"xpoorx",1
"xpower",1
"xprais",1
"xprose",1
"xrag",1
"xreadi",1
"xreal",1
"xrebecca",1
"xrefer",1
"xregaliax",1
"xreligion",1
"xreveng",1
"xrevivalx",1
"xrichard",1
"xringtawx",1
"xrotx",1
"xrubbag",1
"xrunx",1
"xsacr",1
"xsave",1
"xsayboy",1
"xsayxll",1
"xsayxm",1
"xscat",1
"xsecret",1
"xshake",1
"xshall",1
"xshallx",1
"xshex",1
"xshexd",1
"xship",1
"xsiddi",1
"xsidx",1
"xsirx",1
"xsmarti",1
"xsnif",1
"xsociablesx",1
"xsoldx",1
"xsome",1
"xsomebodyx",1
"xsomehow",1
"xsometh",1
"xsometim",1
"xsour",1
"xspaniardx",1
"xsplendid",1
"xsplendidx",1
"xspread",1
"xspunkwat",1
"xstand",1
"xstarterx",1
"xstead",1
"xstuckx",1
"xsundayschool",1
"xsure",1
"xsureenoughx",1
"xsusan",1
"xswimmingx",1
"xsx",1
"xtackl",1
"xtaint",1
"xtalk",1
"xtendinx",1
"xtetex",1
"xtheirsx",1
"xtheyxll",1
"xtheyxv",1
"xthis",1
"xthomasx",1
"xthose",1
"xthousandsx",1
"xthrown",1
"xtightsx",1
"xtomhonest",1
"xtonight",1
"xtook",1
"xtother",1
"xtri",1
"xtwonxt",1
"xtwould",1
"xtwouldnxt",1
"xumf",1
"xunder",1
"xveri",1
"xwait",1
"xwaitwait",1
"xwaitxll",1
"xwallx",1
"xwant",1
"xwellx",1
"xwent",1
"xwhatxd",1
"xwherex",1
"xwherexl",1
"xwhistl",1
"xwhite",1
"xwhoever",1
"xwhoxll",1
"xwhyx",1
"xwill",1
"xwith",1
"xword",1
"xxbout",1
"xxdeed",1
"xxlowedx",1
"xxmi",1
"xxnuffx",1
"xxpon",1
"xxtis",1
"xxtisnxt",1
"xxtwas",1
"xxvi",1
"xyawlx",1
"xyesheap",1
"xyesleav",1
"xyespoor",1
"xyesxwithout",1
"xyet",1
"xyey",1
"xyeyesx",1
"xyouu",1
"xyouxd",1
"xyouxv",1
"yaller",1
"yearx",1
"yeforetopmaststunsxl",1
"yer",1
"yesxv",1
"yetworsexn",1
"yex",1
"yonderdon",1
"yonderx",1
"yourself",1
"youu",1
"youxr",1
"zeal",1
"zebra",1
"zenith",1
"zephyr",1
"zip",1
